Date,US Credit Card Rates (%),Date,Crude Oil Prices USA,Date,Brent Crude Prices Europe,Date,Global LNG Price,Date,Flexible Price CPI % Change,Date,Gold (USD per 100 kg),Date,Iron Ore (USD per metric tonne),Date,Copper (USD per metric tonne),Date,"Actual Manufacturer's Sales (USD, millions)",Date,Future M-Sales
,,,,,,,,01/02/1967,,,,,,,,,,,
,,,,,,,,01/03/1967,,,,,,,,,,,
,,,,,,,,01/04/1967,,,,,,,,,,,
,,,,,,,,01/05/1967,,,,,,,,,,,
,,,,,,,,01/06/1967,,,,,,,,,,,
,,,,,,,,01/07/1967,,,,,,,,,,,
,,,,,,,,01/08/1967,,,,,,,,,,,
,,,,,,,,01/09/1967,,,,,,,,,,,
,,,,,,,,01/10/1967,,,,,,,,,,,
,,,,,,,,01/11/1967,,,,,,,,,,,
,,,,,,,,01/12/1967,,,,,,,,,,,
,,,,,,,,01/01/1968,,,,,,,,,,,
,,,,,,,,01/02/1968,,,,,,,,,,,
,,,,,,,,01/03/1968,,,,,,,,,,,
,,,,,,,,01/04/1968,,,,,,,,,,,
,,,,,,,,01/05/1968,,,,,,,,,,,
,,,,,,,,01/06/1968,,,,,,,,,,,
,,,,,,,,01/07/1968,,,,,,,,,,,
,,,,,,,,01/08/1968,,,,,,,,,,,
,,,,,,,,01/09/1968,,,,,,,,,,,
,,,,,,,,01/10/1968,,,,,,,,,,,
,,,,,,,,01/11/1968,,,,,,,,,,,
,,,,,,,,01/12/1968,,,,,,,,,,,
,,,,,,,,01/01/1969,,,,,,,,,,,
,,,,,,,,01/02/1969,,,,,,,,,,,
,,,,,,,,01/03/1969,,,,,,,,,,,
,,,,,,,,01/04/1969,,,,,,,,,,,
,,,,,,,,01/05/1969,,,,,,,,,,,
,,,,,,,,01/06/1969,,,,,,,,,,,
,,,,,,,,01/07/1969,,,,,,,,,,,
,,,,,,,,01/08/1969,,,,,,,,,,,
,,,,,,,,01/09/1969,,,,,,,,,,,
,,,,,,,,01/10/1969,,,,,,,,,,,
,,,,,,,,01/11/1969,,,,,,,,,,,
,,,,,,,,01/12/1969,,,,,,,,,,,
,,,,,,,,01/01/1970,,,,,,,,,,,
,,,,,,,,01/02/1970,,,,,,,,,,,
,,,,,,,,01/03/1970,,,,,,,,,,,
,,,,,,,,01/04/1970,,,,,,,,,,,
,,,,,,,,01/05/1970,,,,,,,,,,,
,,,,,,,,01/06/1970,,,,,,,,,,,
,,,,,,,,01/07/1970,,,,,,,,,,,
,,,,,,,,01/08/1970,,,,,,,,,,,
,,,,,,,,01/09/1970,,,,,,,,,,,
,,,,,,,,01/10/1970,,,,,,,,,,,
,,,,,,,,01/11/1970,,,,,,,,,,,
,,,,,,,,01/12/1970,,,,,,,,,,,
,,,,,,,,01/01/1971,,,,,,,,,,,
,,,,,,,,01/02/1971,,,,,,,,,,,
,,,,,,,,01/03/1971,,,,,,,,,,,
,,,,,,,,01/04/1971,,,,,,,,,,,
,,,,,,,,01/05/1971,,,,,,,,,,,
,,,,,,,,01/06/1971,,,,,,,,,,,
,,,,,,,,01/07/1971,,,,,,,,,,,
,,,,,,,,01/08/1971,,,,,,,,,,,
,,,,,,,,01/09/1971,,,,,,,,,,,
,,,,,,,,01/10/1971,,,,,,,,,,,
,,,,,,,,01/11/1971,,,,,,,,,,,
,,,,,,,,01/12/1971,,,,,,,,,,,
,,,,,,,,01/01/1972,,,,,,,,,,,
,,,,,,,,01/02/1972,,,,,,,,,,,
,,,,,,,,01/03/1972,,,,,,,,,,,
,,,,,,,,01/04/1972,,,,,,,,,,,
,,,,,,,,01/05/1972,,,,,,,,,,,
,,,,,,,,01/06/1972,,,,,,,,,,,
,,,,,,,,01/07/1972,,,,,,,,,,,
,,,,,,,,01/08/1972,,,,,,,,,,,
,,,,,,,,01/09/1972,,,,,,,,,,,
,,,,,,,,01/10/1972,,,,,,,,,,,
,,,,,,,,01/11/1972,,,,,,,,,,,
,,,,,,,,01/12/1972,,,,,,,,,,,
,,,,,,,,01/01/1973,,,,,,,,,,,
,,,,,,,,01/02/1973,,,,,,,,,,,
,,,,,,,,01/03/1973,,,,,,,,,,,
,,,,,,,,01/04/1973,,,,,,,,,,,
,,,,,,,,01/05/1973,,,,,,,,,,,
,,,,,,,,01/06/1973,,,,,,,,,,,
,,,,,,,,01/07/1973,,,,,,,,,,,
,,,,,,,,01/08/1973,,,,,,,,,,,
,,,,,,,,01/09/1973,,,,,,,,,,,
,,,,,,,,01/10/1973,,,,,,,,,,,
,,,,,,,,01/11/1973,,,,,,,,,,,
,,,,,,,,01/12/1973,,,,,,,,,,,
,,,,,,,,01/01/1974,,,,,,,,,,,
,,,,,,,,01/02/1974,,,,,,,,,,,
,,,,,,,,01/03/1974,,,,,,,,,,,
,,,,,,,,01/04/1974,,,,,,,,,,,
,,,,,,,,01/05/1974,,,,,,,,,,,
,,,,,,,,01/06/1974,,,,,,,,,,,
,,,,,,,,01/07/1974,,,,,,,,,,,
,,,,,,,,01/08/1974,,,,,,,,,,,
,,,,,,,,01/09/1974,,,,,,,,,,,
,,,,,,,,01/10/1974,,,,,,,,,,,
,,,,,,,,01/11/1974,,,,,,,,,,,
,,,,,,,,01/12/1974,,,,,,,,,,,
,,,,,,,,01/01/1975,,,,,,,,,,,
,,,,,,,,01/02/1975,,,,,,,,,,,
,,,,,,,,01/03/1975,,,,,,,,,,,
,,,,,,,,01/04/1975,,,,,,,,,,,
,,,,,,,,01/05/1975,,,,,,,,,,,
,,,,,,,,01/06/1975,,,,,,,,,,,
,,,,,,,,01/07/1975,,,,,,,,,,,
,,,,,,,,01/08/1975,,,,,,,,,,,
,,,,,,,,01/09/1975,,,,,,,,,,,
,,,,,,,,01/10/1975,,,,,,,,,,,
,,,,,,,,01/11/1975,,,,,,,,,,,
,,,,,,,,01/12/1975,,,,,,,,,,,
,,,,,,,,01/01/1976,,,,,,,,,,,
,,,,,,,,01/02/1976,,,,,,,,,,,
,,,,,,,,01/03/1976,,,,,,,,,,,
,,,,,,,,01/04/1976,,,,,,,,,,,
,,,,,,,,01/05/1976,,,,,,,,,,,
,,,,,,,,01/06/1976,,,,,,,,,,,
,,,,,,,,01/07/1976,,,,,,,,,,,
,,,,,,,,01/08/1976,,,,,,,,,,,
,,,,,,,,01/09/1976,,,,,,,,,,,
,,,,,,,,01/10/1976,,,,,,,,,,,
,,,,,,,,01/11/1976,,,,,,,,,,,
,,,,,,,,01/12/1976,,,,,,,,,,,
,,,,,,,,01/01/1977,,,,,,,,,,,
,,,,,,,,01/02/1977,,,,,,,,,,,
,,,,,,,,01/03/1977,,,,,,,,,,,
,,,,,,,,01/04/1977,,,,,,,,,,,
,,,,,,,,01/05/1977,,,,,,,,,,,
,,,,,,,,01/06/1977,,,,,,,,,,,
,,,,,,,,01/07/1977,,,,,,,,,,,
,,,,,,,,01/08/1977,,,,,,,,,,,
,,,,,,,,01/09/1977,,,,,,,,,,,
,,,,,,,,01/10/1977,,,,,,,,,,,
,,,,,,,,01/11/1977,,,,,,,,,,,
,,,,,,,,01/12/1977,,,,,,,,,,,
,,,,,,,,01/01/1978,,,,,,,,,,,
,,,,,,,,01/02/1978,,,,,,,,,,,
,,,,,,,,01/03/1978,,,,,,,,,,,
,,,,,,,,01/04/1978,,,,,,,,,,,
,,,,,,,,01/05/1978,,,,,,,,,,,
,,,,,,,,01/06/1978,,,,,,,,,,,
,,,,,,,,01/07/1978,,,,,,,,,,,
,,,,,,,,01/08/1978,,,,,,,,,,,
,,,,,,,,01/09/1978,,,,,,,,,,,
,,,,,,,,01/10/1978,,,,,,,,,,,
,,,,,,,,01/11/1978,,,,,,,,,,,
,,,,,,,,01/12/1978,,,,,,,,,,,
,,,,,,,,01/01/1979,,,,,,,,,,,
,,,,,,,,01/02/1979,,,,,,,,,,,
,,,,,,,,01/03/1979,,,,,,,,,,,
,,,,,,,,01/04/1979,,,,,,,,,,,
,,,,,,,,01/05/1979,,,,,,,,,,,
,,,,,,,,01/06/1979,,,,,,,,,,,
,,,,,,,,01/07/1979,,,,,,,,,,,
,,,,,,,,01/08/1979,,,,,,,,,,,
,,,,,,,,01/09/1979,,,,,,,,,,,
,,,,,,,,01/10/1979,,,,,,,,,,,
,,,,,,,,01/11/1979,,,,,,,,,,,
,,,,,,,,01/12/1979,,,,,,,,,,,
,,,,,,,,01/01/1980,,,,,,,,,,,
,,,,,,,,01/02/1980,,,,,,,,,,,
,,,,,,,,01/03/1980,,,,,,,,,,,
,,,,,,,,01/04/1980,,,,,,,,,,,
,,,,,,,,01/05/1980,,,,,,,,,,,
,,,,,,,,01/06/1980,,,,,,,,,,,
,,,,,,,,01/07/1980,,,,,,,,,,,
,,,,,,,,01/08/1980,,,,,,,,,,,
,,,,,,,,01/09/1980,,,,,,,,,,,
,,,,,,,,01/10/1980,,,,,,,,,,,
,,,,,,,,01/11/1980,,,,,,,,,,,
,,,,,,,,01/12/1980,,,,,,,,,,,
,,,,,,,,01/01/1981,,,,,,,,,,,
,,,,,,,,01/02/1981,,,,,,,,,,,
,,,,,,,,01/03/1981,,,,,,,,,,,
,,,,,,,,01/04/1981,,,,,,,,,,,
,,,,,,,,01/05/1981,,,,,,,,,,,
,,,,,,,,01/06/1981,,,,,,,,,,,
,,,,,,,,01/07/1981,,,,,,,,,,,
,,,,,,,,01/08/1981,,,,,,,,,,,
,,,,,,,,01/09/1981,,,,,,,,,,,
,,,,,,,,01/10/1981,,,,,,,,,,,
,,,,,,,,01/11/1981,,,,,,,,,,,
,,,,,,,,01/12/1981,,,,,,,,,,,
,,,,,,,,01/01/1982,,,,,,,,,,,
,,,,,,,,01/02/1982,,,,,,,,,,,
,,,,,,,,01/03/1982,,,,,,,,,,,
,,,,,,,,01/04/1982,,,,,,,,,,,
,,,,,,,,01/05/1982,,,,,,,,,,,
,,,,,,,,01/06/1982,,,,,,,,,,,
,,,,,,,,01/07/1982,,,,,,,,,,,
,,,,,,,,01/08/1982,,,,,,,,,,,
,,,,,,,,01/09/1982,,,,,,,,,,,
,,,,,,,,01/10/1982,,,,,,,,,,,
,,,,,,,,01/11/1982,,,,,,,,,,,
,,,,,,,,01/12/1982,,,,,,,,,,,
,,,,,,,,01/01/1983,,,,,,,,,,,
,,,,,,,,01/02/1983,,,,,,,,,,,
,,,,,,,,01/03/1983,,,,,,,,,,,
,,,,,,,,01/04/1983,,,,,,,,,,,
,,,,,,,,01/05/1983,,,,,,,,,,,
,,,,,,,,01/06/1983,,,,,,,,,,,
,,,,,,,,01/07/1983,,,,,,,,,,,
,,,,,,,,01/08/1983,,,,,,,,,,,
,,,,,,,,01/09/1983,,,,,,,,,,,
,,,,,,,,01/10/1983,,,,,,,,,,,
,,,,,,,,01/11/1983,,,,,,,,,,,
,,,,,,,,01/12/1983,,,,,,,,,,,
,,,,,,,,01/01/1984,,,,,,,,,,,
,,,,,,,,01/02/1984,,,,,,,,,,,
,,,,,,,,01/03/1984,,,,,,,,,,,
,,,,,,,,01/04/1984,,,,,,,,,,,
,,,,,,,,01/05/1984,,,,,,,,,,,
,,,,,,,,01/06/1984,,,,,,,,,,,
,,,,,,,,01/07/1984,,,,,,,,,,,
,,,,,,,,01/08/1984,,,,,,,,,,,
,,,,,,,,01/09/1984,,,,,,,,,,,
,,,,,,,,01/10/1984,,,,,,,,,,,
,,,,,,,,01/11/1984,,,,,,,,,,,
,,,,,,,,01/12/1984,,,,,,,,,,,
,,,,,,,,01/01/1985,,,,,,,,,,,
,,,,,,,,01/02/1985,,,,,,,,,,,
,,,,,,,,01/03/1985,,,,,,,,,,,
,,,,,,,,01/04/1985,,,,,,,,,,,
,,,,,,,,01/05/1985,,,,,,,,,,,
,,,,,,,,01/06/1985,,,,,,,,,,,
,,,,,,,,01/07/1985,,,,,,,,,,,
,,,,,,,,01/08/1985,,,,,,,,,,,
,,,,,,,,01/09/1985,,,,,,,,,,,
,,,,,,,,01/10/1985,,,,,,,,,,,
,,,,,,,,01/11/1985,,,,,,,,,,,
,,,,,,,,01/12/1985,,,,,,,,,,,
,,01/01/1986,22.93,,,,,01/01/1986,,,,,,,,,,,
,,01/02/1986,15.46,,,,,01/02/1986,,,,,,,,,,,
,,01/03/1986,12.61,,,,,01/03/1986,,,,,,,,,,,
,,01/04/1986,12.84,,,,,01/04/1986,,,,,,,,,,,
,,01/05/1986,15.38,,,,,01/05/1986,,,,,,,,,,,
,,01/06/1986,13.43,,,,,01/06/1986,,,,,,,,,,,
,,01/07/1986,11.59,,,,,01/07/1986,,,,,,,,,,,
,,01/08/1986,15.1,,,,,01/08/1986,,,,,,,,,,,
,,01/09/1986,14.87,,,,,01/09/1986,,,,,,,,,,,
,,01/10/1986,14.9,,,,,01/10/1986,,,,,,,,,,,
,,01/11/1986,15.22,,,,,01/11/1986,,,,,,,,,,,
,,01/12/1986,16.11,,,,,01/12/1986,,,,,,,,,,,
,,01/01/1987,18.65,,,,,01/01/1987,,,,,,,,,,,
,,01/02/1987,17.75,,,,,01/02/1987,,,,,,,,,,,
,,01/03/1987,18.3,,,,,01/03/1987,,,,,,,,,,,
,,01/04/1987,18.68,,,,,01/04/1987,,,,,,,,,,,
,,01/05/1987,19.44,01/05/1987,18.58,,,01/05/1987,,,,,,,,,,,
,,01/06/1987,20.07,01/06/1987,18.86,,,01/06/1987,,,,,,,,,,,
,,01/07/1987,21.34,01/07/1987,19.86,,,01/07/1987,,,,,,,,,,,
,,01/08/1987,20.31,01/08/1987,18.98,,,01/08/1987,,,,,,,,,,,
,,01/09/1987,19.53,01/09/1987,18.31,,,01/09/1987,,,,,,,,,,,
,,01/10/1987,19.86,01/10/1987,18.76,,,01/10/1987,,,,,,,,,,,
,,01/11/1987,18.85,01/11/1987,17.78,,,01/11/1987,,,,,,,,,,,
,,01/12/1987,17.28,01/12/1987,17.05,,,01/12/1987,,,,,,,,,,,
,,01/01/1988,17.13,01/01/1988,16.75,,,01/01/1988,,,,,,,,,,,
,,01/02/1988,16.8,01/02/1988,15.73,,,01/02/1988,,,,,,,,,,,
,,01/03/1988,16.2,01/03/1988,14.73,,,01/03/1988,,,,,,,,,,,
,,01/04/1988,17.86,01/04/1988,16.6,,,01/04/1988,,,,,,,,,,,
,,01/05/1988,17.42,01/05/1988,16.31,,,01/05/1988,,,,,,,,,,,
,,01/06/1988,16.53,01/06/1988,15.54,,,01/06/1988,,,,,,,,,,,
,,01/07/1988,15.5,01/07/1988,14.91,,,01/07/1988,,,,,,,,,,,
,,01/08/1988,15.52,01/08/1988,14.89,,,01/08/1988,,,,,,,,,,,
,,01/09/1988,14.54,01/09/1988,13.18,,,01/09/1988,,,,,,,,,,,
,,01/10/1988,13.77,01/10/1988,12.41,,,01/10/1988,,,,,,,,,,,
,,01/11/1988,14.14,01/11/1988,13.02,,,01/11/1988,,,,,,,,,,,
,,01/12/1988,16.38,01/12/1988,15.31,,,01/12/1988,,,,,,,,,,,
,,01/01/1989,18.02,01/01/1989,17.17,,,01/01/1989,,,,,,,,,,,
,,01/02/1989,17.94,01/02/1989,16.89,,,01/02/1989,,,,,,,,,,,
,,01/03/1989,19.48,01/03/1989,18.7,,,01/03/1989,,,,,,,,,,,
,,01/04/1989,21.07,01/04/1989,20.32,,,01/04/1989,,,,,,,,,,,
,,01/05/1989,20.12,01/05/1989,18.63,,,01/05/1989,,,,,,,,,,,
,,01/06/1989,20.05,01/06/1989,17.67,,,01/06/1989,,,,,,,,,,,
,,01/07/1989,19.78,01/07/1989,17.62,,,01/07/1989,,,,,,,,,,,
,,01/08/1989,18.58,01/08/1989,16.77,,,01/08/1989,,,,,,,,,,,
,,01/09/1989,19.59,01/09/1989,17.77,,,01/09/1989,,,,,,,,,,,
,,01/10/1989,20.1,01/10/1989,18.91,,,01/10/1989,,,,,,,,,,,
,,01/11/1989,19.86,01/11/1989,18.73,,,01/11/1989,,,,,,,,,,,
,,01/12/1989,21.1,01/12/1989,19.84,,,01/12/1989,,,,,,,,,,,
,,01/01/1990,22.86,01/01/1990,21.25,,,01/01/1990,,,,,,,,,,,
,,01/02/1990,22.11,01/02/1990,19.81,,,01/02/1990,,,,,,,,,,,
,,01/03/1990,20.39,01/03/1990,18.39,,,01/03/1990,,,,,,,,,,,
,,01/04/1990,18.43,01/04/1990,16.61,,,01/04/1990,,,,,,,,,,,
,,01/05/1990,18.2,01/05/1990,16.35,,,01/05/1990,,,,,,,,,,,
,,01/06/1990,16.7,01/06/1990,15.1,,,01/06/1990,,,,,,,,,,,
,,01/07/1990,18.45,01/07/1990,17.17,,,01/07/1990,,,,,,,,,,,
,,01/08/1990,27.31,01/08/1990,27.17,,,01/08/1990,,,,,,,,,,,
,,01/09/1990,33.51,01/09/1990,34.9,,,01/09/1990,,,,,,,,,,,
,,01/10/1990,36.04,01/10/1990,36.02,,,01/10/1990,,,,,,,,,,,
,,01/11/1990,32.33,01/11/1990,33.07,,,01/11/1990,,,,,,,,,,,
,,01/12/1990,27.28,01/12/1990,28.27,,,01/12/1990,,,,,,,,,,,
,,01/01/1991,25.23,01/01/1991,23.57,,,01/01/1991,,,,,,,,,,,
,,01/02/1991,20.48,01/02/1991,19.54,,,01/02/1991,,,,,,,,,,,
,,01/03/1991,19.9,01/03/1991,19.08,,,01/03/1991,,,,,,,,,,,
,,01/04/1991,20.83,01/04/1991,19.18,,,01/04/1991,,,,,,,,,,,
,,01/05/1991,21.23,01/05/1991,19.19,,,01/05/1991,,,,,,,,,,,
,,01/06/1991,20.19,01/06/1991,18.17,,,01/06/1991,,,,,,,,,,,
,,01/07/1991,21.4,01/07/1991,19.4,,,01/07/1991,,,,,,,,,,,
,,01/08/1991,21.69,01/08/1991,19.77,,,01/08/1991,,,,,,,,,,,
,,01/09/1991,21.89,01/09/1991,20.5,,,01/09/1991,,,,,,,,,,,
,,01/10/1991,23.23,01/10/1991,22.21,,,01/10/1991,,,,,,,,,,,
,,01/11/1991,22.46,01/11/1991,21.11,,,01/11/1991,,,,,,,,,,,
,,01/12/1991,19.5,01/12/1991,18.41,,,01/12/1991,,,,,,,,,,01/01/1992,209438
,,01/01/1992,18.79,01/01/1992,18.16,01/01/1992,3.8,01/01/1992,,,,,,,,01/01/1992,209438,01/02/1992,232679
,,01/02/1992,19.01,01/02/1992,18.05,01/02/1992,3.55,01/02/1992,,,,,,,,01/02/1992,232679,01/03/1992,249673
,,01/03/1992,18.92,01/03/1992,17.63,01/03/1992,3.45,01/03/1992,,,,,,,,01/03/1992,249673,01/04/1992,239666
,,01/04/1992,20.23,01/04/1992,18.92,01/04/1992,3.45,01/04/1992,,,,,,,,01/04/1992,239666,01/05/1992,243231
,,01/05/1992,20.98,01/05/1992,19.89,01/05/1992,3.585,01/05/1992,,,,,,,,01/05/1992,243231,01/06/1992,262854
,,01/06/1992,22.39,01/06/1992,21.16,01/06/1992,3.72,01/06/1992,,,,,,,,01/06/1992,262854,01/07/1992,222832
,,01/07/1992,21.78,01/07/1992,20.24,01/07/1992,3.94,01/07/1992,,,,,,,,01/07/1992,222832,01/08/1992,240299
,,01/08/1992,21.34,01/08/1992,19.74,01/08/1992,3.96,01/08/1992,,,,,,,,01/08/1992,240299,01/09/1992,260216
,,01/09/1992,21.88,01/09/1992,20.27,01/09/1992,3.98,01/09/1992,,,,,,,,01/09/1992,260216,01/10/1992,252272
,,01/10/1992,21.69,01/10/1992,20.26,01/10/1992,3.87,01/10/1992,,,,,,,,01/10/1992,252272,01/11/1992,245261
,,01/11/1992,20.34,01/11/1992,19.21,01/11/1992,3.84,01/11/1992,,,,,,,,01/11/1992,245261,01/12/1992,245603
,,01/12/1992,19.41,01/12/1992,18.14,01/12/1992,3.78,01/12/1992,,,,,,,,01/12/1992,245603,01/01/1993,223258
,,01/01/1993,19.03,01/01/1993,17.39,01/01/1993,3.61,01/01/1993,,,,,,,,01/01/1993,223258,01/02/1993,246941
,,01/02/1993,20.09,01/02/1993,18.47,01/02/1993,3.68,01/02/1993,,,,,,,,01/02/1993,246941,01/03/1993,264886
,,01/03/1993,20.32,01/03/1993,18.79,01/03/1993,3.6,01/03/1993,,,,,,,,01/03/1993,264886,01/04/1993,249181
,,01/04/1993,20.25,01/04/1993,18.67,01/04/1993,3.82,01/04/1993,,,,,,,,01/04/1993,249181,01/05/1993,250870
,,01/05/1993,19.95,01/05/1993,18.51,01/05/1993,3.8,01/05/1993,,,,,,,,01/05/1993,250870,01/06/1993,271047
,,01/06/1993,19.09,01/06/1993,17.65,01/06/1993,3.79,01/06/1993,,,,,,,,01/06/1993,271047,01/07/1993,224077
,,01/07/1993,17.89,01/07/1993,16.78,01/07/1993,3.76,01/07/1993,,,,,,,,01/07/1993,224077,01/08/1993,248963
,,01/08/1993,18.01,01/08/1993,16.7,01/08/1993,3.63,01/08/1993,,,,,,,,01/08/1993,248963,01/09/1993,269227
,,01/09/1993,17.5,01/09/1993,16.01,01/09/1993,3.5,01/09/1993,,,,,,,,01/09/1993,269227,01/10/1993,263075
,,01/10/1993,18.15,01/10/1993,16.61,01/10/1993,3.36,01/10/1993,,,,,,,,01/10/1993,263075,01/11/1993,256142
,,01/11/1993,16.61,01/11/1993,15.2,01/11/1993,3.41,01/11/1993,,,,,,,,01/11/1993,256142,01/12/1993,252830
,,01/12/1993,14.52,01/12/1993,13.73,01/12/1993,3.21,01/12/1993,,,,,,,,01/12/1993,252830,01/01/1994,234097
,,01/01/1994,15.03,01/01/1994,14.29,01/01/1994,3.07,01/01/1994,,,,,,,,01/01/1994,234097,01/02/1994,259041
,,01/02/1994,14.78,01/02/1994,13.8,01/02/1994,3.17,01/02/1994,,,,,,,,01/02/1994,259041,01/03/1994,277243
,,01/03/1994,14.68,01/03/1994,13.82,01/03/1994,3.16,01/03/1994,,,,,,,,01/03/1994,277243,01/04/1994,261755
,,01/04/1994,16.42,01/04/1994,15.23,01/04/1994,3.11,01/04/1994,,,,,,,,01/04/1994,261755,01/05/1994,267573
,,01/05/1994,17.89,01/05/1994,16.19,01/05/1994,3.11,01/05/1994,,,,,,,,01/05/1994,267573,01/06/1994,287336
,,01/06/1994,19.06,01/06/1994,16.76,01/06/1994,3.32,01/06/1994,,,,,,,,01/06/1994,287336,01/07/1994,239931
,,01/07/1994,19.66,01/07/1994,17.6,01/07/1994,3.43,01/07/1994,,,,,,,,01/07/1994,239931,01/08/1994,276947
,,01/08/1994,18.38,01/08/1994,16.89,01/08/1994,3.55,01/08/1994,,,,,,,,01/08/1994,276947,01/09/1994,291357
,,01/09/1994,17.45,01/09/1994,15.9,01/09/1994,3.6,01/09/1994,,,,,,,,01/09/1994,291357,01/10/1994,282489
,,01/10/1994,17.72,01/10/1994,16.49,01/10/1994,3.42,01/10/1994,,,,,,,,01/10/1994,282489,01/11/1994,280455
01/11/1994,15.69,01/11/1994,18.07,01/11/1994,17.19,01/11/1994,3.25,01/11/1994,0.24436204,01/11/1994,138.9,01/11/1994,11.45,01/11/1994,2803.545411,01/11/1994,280455,01/12/1994,279888
01/12/1994,,01/12/1994,17.16,01/12/1994,15.93,01/12/1994,3.23,01/12/1994,1.678813715,01/12/1994,136.8,01/12/1994,11.45,01/12/1994,2980.699996,01/12/1994,279888,01/01/1995,260175
01/01/1995,,01/01/1995,18.04,01/01/1995,16.55,01/01/1995,3.38,01/01/1995,2.052855218,01/01/1995,135.9,01/01/1995,12.27,01/01/1995,3003.261895,01/01/1995,260175,01/02/1995,286290
01/02/1995,16.1,01/02/1995,18.57,01/02/1995,17.11,01/02/1995,3.54,01/02/1995,2.093692201,01/02/1995,136.1,01/02/1995,12.27,01/02/1995,2870.450158,01/02/1995,286290,01/03/1995,303201
01/03/1995,,01/03/1995,18.54,01/03/1995,17.01,01/03/1995,3.8,01/03/1995,0.018244785,01/03/1995,135.9,01/03/1995,12.27,01/03/1995,2919.673978,01/03/1995,303201,01/04/1995,283129
01/04/1995,,01/04/1995,19.9,01/04/1995,18.65,01/04/1995,3.82,01/04/1995,1.768713802,01/04/1995,138.7,01/04/1995,12.27,01/04/1995,2894.888823,01/04/1995,283129,01/05/1995,289257
01/05/1995,16.14,01/05/1995,19.74,01/05/1995,18.35,01/05/1995,3.71,01/05/1995,2.137880415,01/05/1995,139.1,01/05/1995,12.27,01/05/1995,2771.571256,01/05/1995,289257,01/06/1995,310201
01/06/1995,,01/06/1995,18.45,01/06/1995,17.31,01/06/1995,3.85,01/06/1995,3.686903463,01/06/1995,137.3,01/06/1995,12.27,01/06/1995,2987.681943,01/06/1995,310201,01/07/1995,255163
01/07/1995,,01/07/1995,17.33,01/07/1995,15.85,01/07/1995,3.62,01/07/1995,1.096429541,01/07/1995,137.7,01/07/1995,12.27,01/07/1995,3076.450058,01/07/1995,255163,01/08/1995,293605
01/08/1995,15.92,01/08/1995,18.02,01/08/1995,16.1,01/08/1995,3.32,01/08/1995,0.694400339,01/08/1995,137.3,01/08/1995,12.27,01/08/1995,3040.136196,01/08/1995,293605,01/09/1995,313228
01/09/1995,,01/09/1995,18.23,01/09/1995,16.7,01/09/1995,3.35,01/09/1995,-1.146221691,01/09/1995,136.4,01/09/1995,12.27,01/09/1995,2910.425043,01/09/1995,313228,01/10/1995,301301
01/10/1995,,01/10/1995,17.43,01/10/1995,16.11,01/10/1995,3.43,01/10/1995,0.694326284,01/10/1995,136.4,01/10/1995,12.27,01/10/1995,2810.068174,01/10/1995,301301,01/11/1995,293164
01/11/1995,15.81,01/11/1995,17.99,01/11/1995,16.86,01/11/1995,3.41,01/11/1995,-0.694083784,01/11/1995,136.3,01/11/1995,12.27,01/11/1995,2981.619037,01/11/1995,293164,01/12/1995,290963
01/12/1995,,01/12/1995,19.03,01/12/1995,17.93,01/12/1995,3.45,01/12/1995,1.563195943,01/12/1995,138,01/12/1995,12.27,01/12/1995,2918.210645,01/12/1995,290963,01/01/1996,263041
01/01/1996,,01/01/1996,18.86,01/01/1996,17.85,01/01/1996,3.59,01/01/1996,3.662858386,01/01/1996,138.3,01/01/1996,12.97,01/01/1996,2604.999929,01/01/1996,263041,01/02/1996,290317
01/02/1996,15.8,01/02/1996,19.09,01/02/1996,18,01/02/1996,3.81,01/02/1996,4.975366116,01/02/1996,140.8,01/02/1996,12.97,01/02/1996,2544.666723,01/02/1996,290317,01/03/1996,306595
01/03/1996,,01/03/1996,21.33,01/03/1996,19.85,01/03/1996,3.76,01/03/1996,5.661004098,01/03/1996,141.2,01/03/1996,12.97,01/03/1996,2563.349949,01/03/1996,306595,01/04/1996,294667
01/04/1996,,01/04/1996,23.5,01/04/1996,20.9,01/04/1996,3.82,01/04/1996,5.087493619,01/04/1996,139.3,01/04/1996,12.97,01/04/1996,2594.174968,01/04/1996,294667,01/05/1996,303878
01/05/1996,15.44,01/05/1996,21.17,01/05/1996,19.15,01/05/1996,3.82,01/05/1996,5.558904983,01/05/1996,138.6,01/05/1996,12.97,01/05/1996,2658.761931,01/05/1996,303878,01/06/1996,319275
01/06/1996,,01/06/1996,20.42,01/06/1996,18.46,01/06/1996,3.79,01/06/1996,3.182855857,01/06/1996,138.9,01/06/1996,12.97,01/06/1996,2177.599983,01/06/1996,319275,01/07/1996,270709
01/07/1996,,01/07/1996,21.3,01/07/1996,19.57,01/07/1996,3.79,01/07/1996,0.914306197,01/07/1996,136.5,01/07/1996,12.97,01/07/1996,1983.9348,01/07/1996,270709,01/08/1996,304070
01/08/1996,15.66,01/08/1996,21.9,01/08/1996,20.51,01/08/1996,3.87,01/08/1996,-0.15294661,01/08/1996,135.9,01/08/1996,12.97,01/08/1996,2017.857206,01/08/1996,304070,01/09/1996,323521
01/09/1996,,01/09/1996,23.97,01/09/1996,22.63,01/09/1996,3.81,01/09/1996,1.536817623,01/09/1996,138,01/09/1996,12.97,01/09/1996,1935.071431,01/09/1996,323521,01/10/1996,312818
01/10/1996,,01/10/1996,24.88,01/10/1996,24.16,01/10/1996,4.04,01/10/1996,2.98658422,01/10/1996,136.4,01/10/1996,12.97,01/10/1996,1960.195675,01/10/1996,312818,01/11/1996,307398
01/11/1996,15.62,01/11/1996,23.71,01/11/1996,22.76,01/11/1996,4.41,01/11/1996,5.097397659,01/11/1996,135.8,01/11/1996,12.97,01/11/1996,2215.428646,01/11/1996,307398,01/12/1996,300899
01/12/1996,,01/12/1996,25.23,01/12/1996,23.78,01/12/1996,4.32,01/12/1996,5.194981355,01/12/1996,134.6,01/12/1996,12.97,01/12/1996,2264.595278,01/12/1996,300899,01/01/1997,280870
01/01/1997,,01/01/1997,25.13,01/01/1997,23.54,01/01/1997,4.29,01/01/1997,4.283994201,01/01/1997,131.3,01/01/1997,13.04,01/01/1997,2427.272794,01/01/1997,280870,01/02/1997,310543
01/02/1997,15.88,01/02/1997,22.18,01/02/1997,20.85,01/02/1997,4.4,01/02/1997,3.212559644,01/02/1997,126.3,01/02/1997,13.04,01/02/1997,2406.631562,01/02/1997,310543,01/03/1997,329048
01/03/1997,,01/03/1997,20.97,01/03/1997,19.13,01/03/1997,4.11,01/03/1997,-0.511894631,01/03/1997,123.3,01/03/1997,13.04,01/03/1997,2420.184209,01/03/1997,329048,01/04/1997,316494
01/04/1997,,01/04/1997,19.7,01/04/1997,17.56,01/04/1997,3.72,01/04/1997,-2.603052077,01/04/1997,125.1,01/04/1997,13.04,01/04/1997,2389.318149,01/04/1997,316494,01/05/1997,316308
01/05/1997,15.74,01/05/1997,20.82,01/05/1997,19.02,01/05/1997,3.73,01/05/1997,-4.649097989,01/05/1997,122.5,01/05/1997,13.04,01/05/1997,2513.299935,01/05/1997,316308,01/06/1997,341587
01/06/1997,,01/06/1997,19.26,01/06/1997,17.58,01/06/1997,3.66,01/06/1997,-1.946114537,01/06/1997,122.3,01/06/1997,13.04,01/06/1997,2611.2857,01/06/1997,341587,01/07/1997,290346
01/07/1997,,01/07/1997,19.66,01/07/1997,18.46,01/07/1997,3.5,01/07/1997,-1.182618737,01/07/1997,121.2,01/07/1997,13.04,01/07/1997,2449.195704,01/07/1997,290346,01/08/1997,321433
01/08/1997,15.8,01/08/1997,19.95,01/08/1997,18.6,01/08/1997,3.43,01/08/1997,1.99231373,01/08/1997,115.3,01/08/1997,13.04,01/08/1997,2250.100043,01/08/1997,321433,01/09/1997,347510
01/09/1997,,01/09/1997,19.8,01/09/1997,18.46,01/09/1997,3.5,01/09/1997,2.891197392,01/09/1997,115.3,01/09/1997,13.04,01/09/1997,2104.309555,01/09/1997,347510,01/10/1997,334742
01/10/1997,,01/10/1997,21.33,01/10/1997,19.87,01/10/1997,3.5,01/10/1997,3.501136928,01/10/1997,114.8,01/10/1997,13.04,01/10/1997,2050.695568,01/10/1997,334742,01/11/1997,322424
01/11/1997,15.76,01/11/1997,20.19,01/11/1997,19.17,01/11/1997,3.63,01/11/1997,1.349608913,01/11/1997,115.6,01/11/1997,13.04,01/11/1997,1918.499945,01/11/1997,322424,01/12/1997,323394
01/12/1997,,01/12/1997,18.33,01/12/1997,17.18,01/12/1997,3.66,01/12/1997,-1.635712855,01/12/1997,109.2,01/12/1997,13.04,01/12/1997,1761.452391,01/12/1997,323394,01/01/1998,290004
01/01/1998,,01/01/1998,16.72,01/01/1998,15.19,01/01/1998,3.46,01/01/1998,-2.656971217,01/01/1998,102.7,01/01/1998,13.41,01/01/1998,1687.60001,01/01/1998,290004,01/02/1998,324545
01/02/1998,15.68,01/02/1998,16.06,01/02/1998,14.07,01/02/1998,2.98,01/02/1998,-3.900155318,01/02/1998,102.9,01/02/1998,13.41,01/02/1998,1663.999986,01/02/1998,324545,01/03/1998,347313
01/03/1998,,01/03/1998,15.12,01/03/1998,13.1,01/03/1998,2.81,01/03/1998,-4.271869723,01/03/1998,105.8,01/03/1998,13.41,01/03/1998,1747.159163,01/03/1998,347313,01/04/1998,322621
01/04/1998,,01/04/1998,15.35,01/04/1998,13.53,01/04/1998,2.61,01/04/1998,-3.688479229,01/04/1998,105.3,01/04/1998,13.41,01/04/1998,1800.125078,01/04/1998,322621,01/05/1998,322996
01/05/1998,15.65,01/05/1998,14.91,01/05/1998,14.36,01/05/1998,2.67,01/05/1998,-0.447331618,01/05/1998,109.7,01/05/1998,13.41,01/05/1998,1731.657929,01/05/1998,322996,01/06/1998,345174
01/06/1998,,01/06/1998,13.72,01/06/1998,12.21,01/06/1998,2.66,01/06/1998,1.572533889,01/06/1998,106.5,01/06/1998,13.41,01/06/1998,1656.595186,01/06/1998,345174,01/07/1998,287703
01/07/1998,,01/07/1998,14.17,01/07/1998,12.08,01/07/1998,2.57,01/07/1998,2.620708577,01/07/1998,104,01/07/1998,13.41,01/07/1998,1655.666727,01/07/1998,287703,01/08/1998,323246
01/08/1998,15.82,01/08/1998,13.47,01/08/1998,11.91,01/08/1998,2.57,01/08/1998,1.510873511,01/08/1998,104.2,01/08/1998,13.41,01/08/1998,1619.925079,01/08/1998,323246,01/09/1998,349182
01/09/1998,,01/09/1998,15.03,01/09/1998,13.34,01/09/1998,2.65,01/09/1998,0.470868459,01/09/1998,100.9,01/09/1998,13.41,01/09/1998,1646.772692,01/09/1998,349182,01/10/1998,336238
01/10/1998,,01/10/1998,14.46,01/10/1998,12.7,01/10/1998,2.76,01/10/1998,0.56302006,01/10/1998,102.8,01/10/1998,13.41,01/10/1998,1585.499925,01/10/1998,336238,01/11/1998,324932
01/11/1998,15.67,01/11/1998,13,01/11/1998,11.04,01/11/1998,2.67,01/11/1998,0.108085707,01/11/1998,105.3,01/11/1998,13.41,01/11/1998,1573.724975,01/11/1998,324932,01/12/1998,325859
01/12/1998,,01/12/1998,11.35,01/12/1998,9.82,01/12/1998,2.64,01/12/1998,2.190548,01/12/1998,104.5,01/12/1998,13.41,01/12/1998,1475.763094,01/12/1998,325859,01/01/1999,293222
01/01/1999,,01/01/1999,12.52,01/01/1999,11.11,01/01/1999,2.64,01/01/1999,1.663573,01/01/1999,103.6,01/01/1999,11.93,01/01/1999,1432.000028,01/01/1999,293222,01/02/1999,325775
01/02/1999,15.39,01/02/1999,12.01,01/02/1999,10.27,01/02/1999,2.57,01/02/1999,0.0673879,01/02/1999,102.1,01/02/1999,11.93,01/02/1999,1412.95,01/02/1999,325775,01/03/1999,352735
01/03/1999,,01/03/1999,14.68,01/03/1999,12.51,01/03/1999,2.61,01/03/1999,-1.212749,01/03/1999,102.2,01/03/1999,11.93,01/03/1999,1378.477273,01/03/1999,352735,01/04/1999,328363
01/04/1999,,01/04/1999,17.31,01/04/1999,15.29,01/04/1999,2.68,01/04/1999,4.495275,01/04/1999,101.7,01/04/1999,11.93,01/04/1999,1463.725,01/04/1999,328363,01/05/1999,332825
01/05/1999,15.19,01/05/1999,17.72,01/05/1999,15.23,01/05/1999,3.02,01/05/1999,5.669545,01/05/1999,100.5,01/05/1999,11.93,01/05/1999,1510.447368,01/05/1999,332825,01/06/1999,360090
01/06/1999,,01/06/1999,17.92,01/06/1999,15.86,01/06/1999,3.19,01/06/1999,5.502952,01/06/1999,98.5,01/06/1999,11.93,01/06/1999,1422.159091,01/06/1999,360090,01/07/1999,300148
01/07/1999,,01/07/1999,20.1,01/07/1999,19.08,01/07/1999,3.23,01/07/1999,2.022041,01/07/1999,92,01/07/1999,11.93,01/07/1999,1639.181818,01/07/1999,300148,01/08/1999,343497
01/08/1999,15.07,01/08/1999,21.28,01/08/1999,20.22,01/08/1999,3.52,01/08/1999,4.476333,01/08/1999,91.5,01/08/1999,11.93,01/08/1999,1646.738095,01/08/1999,343497,01/09/1999,362479
01/09/1999,,01/09/1999,23.8,01/09/1999,22.54,01/09/1999,3.83,01/09/1999,9.117597,01/09/1999,92.3,01/09/1999,11.93,01/09/1999,1749.681818,01/09/1999,362479,01/10/1999,348259
01/10/1999,,01/10/1999,22.69,01/10/1999,22,01/10/1999,4.14,01/10/1999,7.078644,01/10/1999,94.7,01/10/1999,11.93,01/10/1999,1723.285714,01/10/1999,348259,01/11/1999,342120
01/11/1999,15.12,01/11/1999,25,01/11/1999,24.58,01/11/1999,4.25,01/11/1999,4.2775,01/11/1999,111,01/11/1999,11.93,01/11/1999,1726.772727,01/11/1999,342120,01/12/1999,342374
01/12/1999,,01/12/1999,26.1,01/12/1999,25.47,01/12/1999,4.43,01/12/1999,1.882704,01/12/1999,105,01/12/1999,11.93,01/12/1999,1764.882353,01/12/1999,342374,01/01/2000,314656
01/01/2000,,01/01/2000,27.26,01/01/2000,25.51,01/01/2000,4.54,01/01/2000,2.063238,01/01/2000,101.3,01/01/2000,12.45,01/01/2000,1843.85,01/01/2000,314656,01/02/2000,342744
01/02/2000,15.55,01/02/2000,29.37,01/02/2000,27.78,01/02/2000,4.58,01/02/2000,6.058155,01/02/2000,102.1,01/02/2000,12.45,01/02/2000,1807.025,01/02/2000,342744,01/03/2000,374859
01/03/2000,,01/03/2000,29.84,01/03/2000,27.49,01/03/2000,4.95,01/03/2000,9.7238,01/03/2000,107,01/03/2000,12.45,01/03/2000,1739.8,01/03/2000,374859,01/04/2000,344093
01/04/2000,,01/04/2000,25.72,01/04/2000,22.76,01/04/2000,5.08,01/04/2000,7.09606,01/04/2000,102.3,01/04/2000,12.45,01/04/2000,1681.9075,01/04/2000,344093,01/05/2000,356402
01/05/2000,15.6,01/05/2000,28.79,01/05/2000,27.74,01/05/2000,4.58,01/05/2000,3.312583,01/05/2000,100,01/05/2000,12.45,01/05/2000,1785.097826,01/05/2000,356402,01/06/2000,383228
01/06/2000,,01/06/2000,31.82,01/06/2000,29.8,01/06/2000,5.14,01/06/2000,3.343036,01/06/2000,98.2,01/06/2000,12.45,01/06/2000,1752.072727,01/06/2000,383228,01/07/2000,314885
01/07/2000,,01/07/2000,29.7,01/07/2000,28.68,01/07/2000,5.38,01/07/2000,6.597903,01/07/2000,101.8,01/07/2000,12.45,01/07/2000,1803.142857,01/07/2000,314885,01/08/2000,355114
01/08/2000,15.98,01/08/2000,31.26,01/08/2000,30.2,01/08/2000,5.51,01/08/2000,4.260402,01/08/2000,100.3,01/08/2000,12.45,01/08/2000,1857.123913,01/08/2000,355114,01/09/2000,377093
01/09/2000,,01/09/2000,33.88,01/09/2000,33.14,01/09/2000,5.56,01/09/2000,3.964824,01/09/2000,98.1,01/09/2000,12.45,01/09/2000,1961.892857,01/09/2000,377093,01/10/2000,356771
01/10/2000,,01/10/2000,33.11,01/10/2000,30.96,01/10/2000,5.92,01/10/2000,2.306468,01/10/2000,97.8,01/10/2000,12.45,01/10/2000,1894.372727,01/10/2000,356771,01/11/2000,344370
01/11/2000,15.99,01/11/2000,34.42,01/11/2000,32.55,01/11/2000,5.86,01/11/2000,5.696589,01/11/2000,96.3,01/11/2000,12.45,01/11/2000,1795.602273,01/11/2000,344370,01/12/2000,344369
01/12/2000,,01/12/2000,28.44,01/12/2000,25.66,01/12/2000,5.72,01/12/2000,1.158372,01/12/2000,95,01/12/2000,12.45,01/12/2000,1852.4,01/12/2000,344369,01/01/2001,313393
01/01/2001,,01/01/2001,29.59,01/01/2001,25.62,01/01/2001,4.98,01/01/2001,5.989388,01/01/2001,97,01/01/2001,12.99,01/01/2001,1787.056818,01/01/2001,313393,01/02/2001,333448
01/02/2001,15.63,01/02/2001,29.61,01/02/2001,27.5,01/02/2001,4.66,01/02/2001,5.727846,01/02/2001,94.8,01/02/2001,12.99,01/02/2001,1766.125,01/02/2001,333448,01/03/2001,362498
01/03/2001,,01/03/2001,27.25,01/03/2001,24.5,01/03/2001,4.85,01/03/2001,3.728749,01/03/2001,93.7,01/03/2001,12.99,01/03/2001,1742.159091,01/03/2001,362498,01/04/2001,324116
01/04/2001,,01/04/2001,27.49,01/04/2001,25.66,01/04/2001,4.79,01/04/2001,-0.5159,01/04/2001,93.9,01/04/2001,12.99,01/04/2001,1665.972222,01/04/2001,324116,01/05/2001,346311
01/05/2001,15.06,01/05/2001,28.63,01/05/2001,28.31,01/05/2001,4.95,01/05/2001,3.069638,01/05/2001,93.1,01/05/2001,12.99,01/05/2001,1684.85,01/05/2001,346311,01/06/2001,353005
01/06/2001,,01/06/2001,27.6,01/06/2001,27.85,01/06/2001,5.11,01/06/2001,4.417992,01/06/2001,97.2,01/06/2001,12.99,01/06/2001,1610.469048,01/06/2001,353005,01/07/2001,297903
01/07/2001,,01/07/2001,26.43,01/07/2001,24.61,01/07/2001,5.05,01/07/2001,-0.866808,01/07/2001,94.7,01/07/2001,12.99,01/07/2001,1526.770455,01/07/2001,297903,01/08/2001,340571
01/08/2001,14.59,01/08/2001,27.37,01/08/2001,25.68,01/08/2001,4.73,01/08/2001,-7.16279,01/08/2001,94.4,01/08/2001,12.99,01/08/2001,1466.411364,01/08/2001,340571,01/09/2001,334783
01/09/2001,,01/09/2001,26.2,01/09/2001,25.62,01/09/2001,4.63,01/09/2001,-5.000019,01/09/2001,95.9,01/09/2001,12.99,01/09/2001,1427.697368,01/09/2001,334783,01/10/2001,332093
01/10/2001,,01/10/2001,22.17,01/10/2001,20.54,01/10/2001,4.65,01/10/2001,-6.439084,01/10/2001,99.8,01/10/2001,12.99,01/10/2001,1377.376087,01/10/2001,332093,01/11/2001,317373
01/11/2001,14.21,01/11/2001,19.64,01/11/2001,18.8,01/11/2001,3.95,01/11/2001,-7.071811,01/11/2001,99.5,01/11/2001,12.99,01/11/2001,1434.293182,01/11/2001,317373,01/12/2001,315005
01/12/2001,,01/12/2001,19.39,01/12/2001,18.71,01/12/2001,3.68,01/12/2001,-11.8024,01/12/2001,97.4,01/12/2001,12.99,01/12/2001,1472.847059,01/12/2001,315005,01/01/2002,294008
01/01/2002,,01/01/2002,19.72,01/01/2002,19.42,01/01/2002,3.57,01/01/2002,-6.305657,01/01/2002,97.2,01/01/2002,12.68,01/01/2002,1508.227273,01/01/2002,294008,01/02/2002,306665
01/02/2002,13.62,01/02/2002,20.72,01/02/2002,20.28,01/02/2002,3.64,01/02/2002,-3.315547,01/02/2002,99,01/02/2002,12.68,01/02/2002,1561.3675,01/02/2002,306665,01/03/2002,337877
01/03/2002,,01/03/2002,24.53,01/03/2002,23.7,01/03/2002,3.69,01/03/2002,1.731222,01/03/2002,104,01/03/2002,12.68,01/03/2002,1607.3925,01/03/2002,337877,01/04/2002,325061
01/04/2002,,01/04/2002,26.18,01/04/2002,25.73,01/04/2002,4.07,01/04/2002,5.943348,01/04/2002,103.6,01/04/2002,12.68,01/04/2002,1588.571429,01/04/2002,325061,01/05/2002,338430
01/05/2002,13.53,01/05/2002,27.04,01/05/2002,25.35,01/05/2002,4.44,01/05/2002,4.877152,01/05/2002,106.8,01/05/2002,12.68,01/05/2002,1597.022727,01/05/2002,338430,01/06/2002,343532
01/06/2002,,01/06/2002,25.52,01/06/2002,24.08,01/06/2002,4.53,01/06/2002,2.211044,01/06/2002,110.8,01/06/2002,12.68,01/06/2002,1650.594444,01/06/2002,343532,01/07/2002,300402
01/07/2002,,01/07/2002,26.97,01/07/2002,25.74,01/07/2002,5.76,01/07/2002,-1.203244,01/07/2002,113.3,01/07/2002,12.68,01/07/2002,1588.284783,01/07/2002,300402,01/08/2002,337490
01/08/2002,13.36,01/08/2002,28.39,01/08/2002,26.65,01/08/2002,4.52,01/08/2002,1.480221,01/08/2002,110.6,01/08/2002,12.68,01/08/2002,1482.916667,01/08/2002,337490,01/09/2002,345682
01/09/2002,,01/09/2002,29.66,01/09/2002,28.4,01/09/2002,4.63,01/09/2002,2.281974,01/09/2002,109.5,01/09/2002,12.68,01/09/2002,1478.933333,01/09/2002,345682,01/10/2002,343614
01/10/2002,,01/10/2002,28.84,01/10/2002,27.54,01/10/2002,4.76,01/10/2002,2.886957,01/10/2002,112.5,01/10/2002,12.68,01/10/2002,1486.171739,01/10/2002,343614,01/11/2002,324259
01/11/2002,13.11,01/11/2002,26.35,01/11/2002,24.34,01/11/2002,4.8,01/11/2002,1.647896,01/11/2002,111.6,01/11/2002,12.68,01/11/2002,1581.035714,01/11/2002,324259,01/12/2002,317703
01/12/2002,,01/12/2002,29.46,01/12/2002,28.33,01/12/2002,4.71,01/12/2002,1.142057,01/12/2002,112.4,01/12/2002,12.68,01/12/2002,1592.964286,01/12/2002,317703,01/01/2003,305102
01/01/2003,,01/01/2003,32.95,01/01/2003,31.18,01/01/2003,5.01,01/01/2003,4.09043,01/01/2003,117,01/01/2003,13.82,01/01/2003,1650.311364,01/01/2003,305102,01/02/2003,317506
01/02/2003,12.26,01/02/2003,35.83,01/02/2003,32.77,01/02/2003,5.31,01/02/2003,8.793164,01/02/2003,126.4,01/02/2003,13.82,01/02/2003,1682.145,01/02/2003,317506,01/03/2003,352641
01/03/2003,,01/03/2003,33.51,01/03/2003,30.61,01/03/2003,5.44,01/03/2003,10.28208,01/03/2003,127.2,01/03/2003,13.82,01/03/2003,1655.692857,01/03/2003,352641,01/04/2003,323894
01/04/2003,,01/04/2003,28.17,01/04/2003,25,01/04/2003,5.18,01/04/2003,0.5047673,01/04/2003,119.4,01/04/2003,13.82,01/04/2003,1587.8675,01/04/2003,323894,01/05/2003,334938
01/05/2003,12.12,01/05/2003,28.11,01/05/2003,25.86,01/05/2003,4.87,01/05/2003,-7.804412,01/05/2003,115.1,01/05/2003,13.82,01/05/2003,1651.1,01/05/2003,334938,01/06/2003,351090
01/06/2003,,01/06/2003,30.66,01/06/2003,27.65,01/06/2003,4.7,01/06/2003,-8.088426,01/06/2003,124.5,01/06/2003,13.82,01/06/2003,1685.107143,01/06/2003,351090,01/07/2003,312163
01/07/2003,,01/07/2003,30.76,01/07/2003,28.35,01/07/2003,4.67,01/07/2003,-1.103715,01/07/2003,124.8,01/07/2003,13.82,01/07/2003,1712.826087,01/07/2003,312163,01/08/2003,337448
01/08/2003,12.47,01/08/2003,31.57,01/08/2003,29.89,01/08/2003,4.75,01/08/2003,7.195633,01/08/2003,122.9,01/08/2003,13.82,01/08/2003,1756.725,01/08/2003,337448,01/09/2003,357845
01/09/2003,,01/09/2003,28.31,01/09/2003,27.11,01/09/2003,4.93,01/09/2003,8.938775,01/09/2003,126,01/09/2003,13.82,01/09/2003,1789.670455,01/09/2003,357845,01/10/2003,356066
01/10/2003,,01/10/2003,30.34,01/10/2003,29.61,01/10/2003,4.82,01/10/2003,3.796202,01/10/2003,133,01/10/2003,13.82,01/10/2003,1925.582609,01/10/2003,356066,01/11/2003,329062
01/11/2003,12.35,01/11/2003,31.11,01/11/2003,28.75,01/11/2003,5.05,01/11/2003,-0.8835673,01/11/2003,133,01/11/2003,13.82,01/11/2003,2053.275,01/11/2003,329062,01/12/2003,337633
01/12/2003,,01/12/2003,32.13,01/12/2003,29.81,01/12/2003,5.04,01/12/2003,-1.599174,01/12/2003,136.5,01/12/2003,13.82,01/12/2003,2202.035714,01/12/2003,337633,01/01/2004,311470
01/01/2004,,01/01/2004,34.31,01/01/2004,31.28,01/01/2004,5.14,01/01/2004,4.371057,01/01/2004,142.9,01/01/2004,16.39,01/01/2004,2421.47619,01/01/2004,311470,01/02/2004,330954
01/02/2004,12.67,01/02/2004,34.69,01/02/2004,30.86,01/02/2004,5.2,01/02/2004,5.621634,01/02/2004,144.7,01/02/2004,16.39,01/02/2004,2751.7175,01/02/2004,330954,01/03/2004,378915
01/03/2004,,01/03/2004,36.74,01/03/2004,33.63,01/03/2004,5.29,01/03/2004,5.023966,01/03/2004,141.4,01/03/2004,16.39,01/03/2004,3000.282609,01/03/2004,378915,01/04/2004,349906
01/04/2004,,01/04/2004,36.75,01/04/2004,33.59,01/04/2004,5.5,01/04/2004,1.491972,01/04/2004,142.6,01/04/2004,16.39,01/04/2004,2926.975,01/04/2004,349906,01/05/2004,356301
01/05/2004,12.69,01/05/2004,40.28,01/05/2004,37.57,01/05/2004,5.47,01/05/2004,5.578907,01/05/2004,140.9,01/05/2004,16.39,01/05/2004,2728.460526,01/05/2004,356301,01/06/2004,379725
01/06/2004,,01/06/2004,38.03,01/06/2004,35.18,01/06/2004,5.88,01/06/2004,7.224747,01/06/2004,134.8,01/06/2004,16.39,01/06/2004,2689.045455,01/06/2004,379725,01/07/2004,332134
01/07/2004,,01/07/2004,40.78,01/07/2004,38.22,01/07/2004,5.73,01/07/2004,7.484857,01/07/2004,137.8,01/07/2004,16.39,01/07/2004,2816.795455,01/07/2004,332134,01/08/2004,371578
01/08/2004,13.02,01/08/2004,44.9,01/08/2004,42.74,01/08/2004,5.9,01/08/2004,1.962725,01/08/2004,139.5,01/08/2004,16.39,01/08/2004,2844.202381,01/08/2004,371578,01/09/2004,381186
01/09/2004,,01/09/2004,45.94,01/09/2004,43.2,01/09/2004,6.44,01/09/2004,1.312926,01/09/2004,140.5,01/09/2004,16.39,01/09/2004,2903.170455,01/09/2004,381186,01/10/2004,377425
01/10/2004,,01/10/2004,53.28,01/10/2004,49.78,01/10/2004,6.66,01/10/2004,6.826288,01/10/2004,142.2,01/10/2004,16.39,01/10/2004,3009.404762,01/10/2004,377425,01/11/2004,367316
01/11/2004,12.51,01/11/2004,48.47,01/11/2004,43.11,01/11/2004,6.94,01/11/2004,12.31619,01/11/2004,147.6,01/11/2004,16.39,01/11/2004,3130.309091,01/11/2004,367316,01/12/2004,372060
01/12/2004,,01/12/2004,43.15,01/12/2004,39.6,01/12/2004,6.54,01/12/2004,8.737826,01/12/2004,153.7,01/12/2004,16.39,01/12/2004,3139.785714,01/12/2004,372060,01/01/2005,346845
01/01/2005,,01/01/2005,46.84,01/01/2005,44.51,01/01/2005,5.82,01/01/2005,0.4943657,01/01/2005,154.6,01/01/2005,28.11,01/01/2005,3168.1,01/01/2005,346845,01/02/2005,360009
01/02/2005,12.21,01/02/2005,48.15,01/02/2005,45.48,01/02/2005,6.1,01/02/2005,-1.027234,01/02/2005,148.7,01/02/2005,28.11,01/02/2005,3247.1,01/02/2005,360009,01/03/2005,408699
01/03/2005,,01/03/2005,54.19,01/03/2005,53.1,01/03/2005,6.46,01/03/2005,3.193081,01/03/2005,148.3,01/03/2005,28.11,01/03/2005,3378.904762,01/03/2005,408699,01/04/2005,386657
01/04/2005,,01/04/2005,52.98,01/04/2005,51.88,01/04/2005,7.04,01/04/2005,8.567697,01/04/2005,151.7,01/04/2005,28.11,01/04/2005,3389.809524,01/04/2005,386657,01/05/2005,396886
01/05/2005,12.77,01/05/2005,49.83,01/05/2005,48.65,01/05/2005,7.22,01/05/2005,2.681191,01/05/2005,150.4,01/05/2005,28.11,01/05/2005,3241.9,01/05/2005,396886,01/06/2005,417555
01/06/2005,,01/06/2005,56.35,01/06/2005,54.35,01/06/2005,6.55,01/06/2005,-0.6448929,01/06/2005,148,01/06/2005,28.11,01/06/2005,3529.727273,01/06/2005,417555,01/07/2005,362573
01/07/2005,,01/07/2005,59,01/07/2005,57.52,01/07/2005,7.06,01/07/2005,3.140525,01/07/2005,150.9,01/07/2005,28.11,01/07/2005,3608.47619,01/07/2005,362573,01/08/2005,416538
01/08/2005,12.48,01/08/2005,64.99,01/08/2005,63.98,01/08/2005,7.22,01/08/2005,13.12768,01/08/2005,148.9,01/08/2005,28.11,01/08/2005,3791.909091,01/08/2005,416538,01/09/2005,423813
01/09/2005,,01/09/2005,65.59,01/09/2005,62.91,01/09/2005,7.71,01/09/2005,31.16961,01/09/2005,153.6,01/09/2005,28.11,01/09/2005,3850.659091,01/09/2005,423813,01/10/2005,414186
01/10/2005,,01/10/2005,62.26,01/10/2005,58.54,01/10/2005,8.01,01/10/2005,24.01669,01/10/2005,160.3,01/10/2005,28.11,01/10/2005,4056.166667,01/10/2005,414186,01/11/2005,401328
01/11/2005,12.58,01/11/2005,58.32,01/11/2005,55.24,01/11/2005,8.11,01/11/2005,7.183581,01/11/2005,164.5,01/11/2005,28.11,01/11/2005,4278.159091,01/11/2005,401328,01/12/2005,406988
01/12/2005,,01/12/2005,59.41,01/12/2005,56.86,01/12/2005,7.09,01/12/2005,-9.14217,01/12/2005,167.1,01/12/2005,28.11,01/12/2005,4577.025,01/12/2005,406988,01/01/2006,380278
01/01/2006,,01/01/2006,65.49,01/01/2006,62.99,01/01/2006,7.34,01/01/2006,-3.710294,01/01/2006,178.5,01/01/2006,33.45,01/01/2006,4743.857143,01/01/2006,380278,01/02/2006,386860
01/02/2006,13.3,01/02/2006,61.63,01/02/2006,60.21,01/02/2006,7.89,01/02/2006,2.490509,01/02/2006,191.9,01/02/2006,33.45,01/02/2006,4974.975,01/02/2006,386860,01/03/2006,444217
01/03/2006,,01/03/2006,62.69,01/03/2006,62.06,01/03/2006,7.91,01/03/2006,4.461349,01/03/2006,193.5,01/03/2006,33.45,01/03/2006,5123.673913,01/03/2006,444217,01/04/2006,402039
01/04/2006,,01/04/2006,69.44,01/04/2006,70.26,01/04/2006,7.81,01/04/2006,2.082076,01/04/2006,195.4,01/04/2006,33.45,01/04/2006,6404.444444,01/04/2006,402039,01/05/2006,438708
01/05/2006,13.16,01/05/2006,70.84,01/05/2006,69.78,01/05/2006,8.56,01/05/2006,4.799649,01/05/2006,214.7,01/05/2006,33.45,01/05/2006,8059.190476,01/05/2006,438708,01/06/2006,452172
01/06/2006,,01/06/2006,70.95,01/06/2006,68.56,01/06/2006,8.64,01/06/2006,5.234891,01/06/2006,234.7,01/06/2006,33.45,01/06/2006,7222.772727,01/06/2006,452172,01/07/2006,392564
01/07/2006,,01/07/2006,74.41,01/07/2006,73.67,01/07/2006,8.51,01/07/2006,6.158267,01/07/2006,209.1,01/07/2006,33.45,01/07/2006,7726.738095,01/07/2006,392564,01/08/2006,444840
01/08/2006,13.06,01/08/2006,73.04,01/08/2006,73.23,01/08/2006,8.37,01/08/2006,8.419642,01/08/2006,222.1,01/08/2006,33.45,01/08/2006,7690.25,01/08/2006,444840,01/09/2006,427888
01/09/2006,,01/09/2006,63.8,01/09/2006,61.96,01/09/2006,8.83,01/09/2006,0.1904674,01/09/2006,221,01/09/2006,33.45,01/09/2006,7622.642857,01/09/2006,427888,01/10/2006,422912
01/10/2006,,01/10/2006,58.89,01/10/2006,57.81,01/10/2006,7.94,01/10/2006,-11.84922,01/10/2006,207.8,01/10/2006,33.45,01/10/2006,7497.409091,01/10/2006,422912,01/11/2006,408549
01/11/2006,13.31,01/11/2006,59.08,01/11/2006,58.76,01/11/2006,7.5,01/11/2006,-14.88025,01/11/2006,205.2,01/11/2006,33.45,01/11/2006,7029.295455,01/11/2006,408549,01/12/2006,414525
01/12/2006,,01/12/2006,61.96,01/12/2006,62.47,01/12/2006,7.29,01/12/2006,-3.440172,01/12/2006,219.2,01/12/2006,33.45,01/12/2006,6680.973684,01/12/2006,414525,01/01/2007,388574
01/01/2007,,01/01/2007,54.51,01/01/2007,53.68,01/01/2007,7.66,01/01/2007,4.520212,01/01/2007,219.9,01/01/2007,36.63,01/01/2007,5689.340909,01/01/2007,388574,01/02/2007,397035
01/02/2007,13.41,01/02/2007,59.28,01/02/2007,57.56,01/02/2007,7.17,01/02/2007,7.623386,01/02/2007,220.7,01/02/2007,36.63,01/02/2007,5718.15,01/02/2007,397035,01/03/2007,454967
01/03/2007,,01/03/2007,60.44,01/03/2007,62.05,01/03/2007,7.36,01/03/2007,7.151277,01/03/2007,231.6,01/03/2007,36.63,01/03/2007,6465.295455,01/03/2007,454967,01/04/2007,431264
01/04/2007,,01/04/2007,63.98,01/04/2007,67.49,01/04/2007,7.72,01/04/2007,9.652128,01/04/2007,228.7,01/04/2007,36.63,01/04/2007,7753.342105,01/04/2007,431264,01/05/2007,460286
01/05/2007,13.46,01/05/2007,63.46,01/05/2007,67.21,01/05/2007,8.21,01/05/2007,11.17143,01/05/2007,236.6,01/05/2007,36.63,01/05/2007,7677.952381,01/05/2007,460286,01/06/2007,469555
01/06/2007,,01/06/2007,67.49,01/06/2007,71.05,01/06/2007,8.48,01/06/2007,7.506552,01/06/2007,232.9,01/06/2007,36.63,01/06/2007,7514.238095,01/06/2007,469555,01/07/2007,423669
01/07/2007,,01/07/2007,74.12,01/07/2007,76.93,01/07/2007,8.22,01/07/2007,5.58145,01/07/2007,228.6,01/07/2007,36.63,01/07/2007,7980.931818,01/07/2007,423669,01/08/2007,468381
01/08/2007,13.59,01/08/2007,72.36,01/08/2007,70.76,01/08/2007,8.61,01/08/2007,0.1758845,01/08/2007,232.3,01/08/2007,36.63,01/08/2007,7500.204545,01/08/2007,468381,01/09/2007,455609
01/09/2007,,01/09/2007,79.92,01/09/2007,77.17,01/09/2007,8.55,01/09/2007,1.927162,01/09/2007,232.7,01/09/2007,36.63,01/09/2007,7671.35,01/09/2007,455609,01/10/2007,470641
01/10/2007,,01/10/2007,85.8,01/10/2007,82.34,01/10/2007,9.16,01/10/2007,3.110793,01/10/2007,250.2,01/10/2007,36.63,01/10/2007,8020.586957,01/10/2007,470641,01/11/2007,453942
01/11/2007,12.75,01/11/2007,94.77,01/11/2007,92.41,01/11/2007,9.52,01/11/2007,12.32059,01/11/2007,265,01/11/2007,36.63,01/11/2007,6957.431818,01/11/2007,453942,01/12/2007,445534
01/12/2007,,01/12/2007,91.69,01/12/2007,90.93,01/12/2007,10.27,01/12/2007,10.8169,01/12/2007,280.4,01/12/2007,36.63,01/12/2007,6630.736111,01/12/2007,445534,01/01/2008,432307
01/01/2008,,01/01/2008,92.97,01/01/2008,92.18,01/01/2008,10.5,01/01/2008,11.12188,01/01/2008,281.5,01/01/2008,60.8,01/01/2008,7078.909091,01/01/2008,432307,01/02/2008,442996
01/02/2008,12.47,01/02/2008,95.39,01/02/2008,94.99,01/02/2008,10.75,01/02/2008,5.071639,01/02/2008,311.5,01/02/2008,60.8,01/02/2008,7941.142857,01/02/2008,442996,01/03/2008,474592
01/03/2008,,01/03/2008,105.45,01/03/2008,103.64,01/03/2008,10.63,01/03/2008,5.556991,01/03/2008,322.8,01/03/2008,60.8,01/03/2008,8434.315789,01/03/2008,474592,01/04/2008,475667
01/04/2008,,01/04/2008,112.58,01/04/2008,109.07,01/04/2008,11.48,01/04/2008,4.763053,01/04/2008,334.5,01/04/2008,60.8,01/04/2008,8714.181818,01/04/2008,475667,01/05/2008,490500
01/05/2008,11.88,01/05/2008,125.4,01/05/2008,122.8,01/05/2008,12.3,01/05/2008,8.862065,01/05/2008,316.4,01/05/2008,60.8,01/05/2008,8356.125,01/05/2008,490500,01/06/2008,510081
01/06/2008,,01/06/2008,133.88,01/06/2008,132.32,01/06/2008,13.31,01/06/2008,18.59097,01/06/2008,309.5,01/06/2008,60.8,01/06/2008,8292,01/06/2008,510081,01/07/2008,476948
01/07/2008,,01/07/2008,133.37,01/07/2008,132.72,01/07/2008,14.08,01/07/2008,25.00601,01/07/2008,311,01/07/2008,60.8,01/07/2008,8407.021739,01/07/2008,476948,01/08/2008,482530
01/08/2008,11.94,01/08/2008,116.67,01/08/2008,113.24,01/08/2008,13.81,01/08/2008,13.76758,01/08/2008,327.3,01/08/2008,60.8,01/08/2008,7633.8,01/08/2008,482530,01/09/2008,471799
01/09/2008,,01/09/2008,104.11,01/09/2008,97.23,01/09/2008,12.6,01/09/2008,1.018133,01/09/2008,292,01/09/2008,60.8,01/09/2008,6975.113636,01/09/2008,471799,01/10/2008,450521
01/10/2008,,01/10/2008,76.61,01/10/2008,71.58,01/10/2008,13.15,01/10/2008,-15.73387,01/10/2008,291.3,01/10/2008,60.8,01/10/2008,4894.891304,01/10/2008,450521,01/11/2008,383475
01/11/2008,12.03,01/11/2008,57.31,01/11/2008,52.45,01/11/2008,9.1,01/11/2008,-30.55375,01/11/2008,280,01/11/2008,60.8,01/11/2008,3729.1875,01/11/2008,383475,01/12/2008,377578
01/12/2008,,01/12/2008,41.12,01/12/2008,39.95,01/12/2008,7.38,01/12/2008,-37.37277,01/12/2008,265,01/12/2008,69.9826087,01/12/2008,3105.095238,01/12/2008,377578,01/01/2009,337101
01/01/2009,,01/01/2009,41.71,01/01/2009,43.44,01/01/2009,6.03,01/01/2009,-28.53062,01/01/2009,285.4,01/01/2009,72.50909091,01/01/2009,3260.357143,01/01/2009,337101,01/02/2009,340896
01/02/2009,12.97,01/02/2009,39.09,01/02/2009,43.32,01/02/2009,5.83,01/02/2009,-6.746401,01/02/2009,301.1,01/02/2009,75.59,01/02/2009,3328.4125,01/02/2009,340896,01/03/2009,374521
01/03/2009,,01/03/2009,47.94,01/03/2009,46.54,01/03/2009,6.25,01/03/2009,1.863202,01/03/2009,329.4,01/03/2009,64.07272727,01/03/2009,3770.875,01/03/2009,374521,01/04/2009,354790
01/04/2009,,01/04/2009,49.65,01/04/2009,50.18,01/04/2009,6.47,01/04/2009,0.5019296,01/04/2009,322.5,01/04/2009,59.78181818,01/04/2009,4436.925,01/04/2009,354790,01/05/2009,358584
01/05/2009,13.32,01/05/2009,59.03,01/05/2009,57.3,01/05/2009,6.79,01/05/2009,-1.908128,01/05/2009,311.1,01/05/2009,62.69047619,01/05/2009,4591.460526,01/05/2009,358584,01/06/2009,385206
01/06/2009,,01/06/2009,69.64,01/06/2009,68.61,01/06/2009,6.97,01/06/2009,12.07613,01/06/2009,324.5,01/06/2009,71.65909091,01/06/2009,5015.431818,01/06/2009,385206,01/07/2009,358332
01/07/2009,,01/07/2009,64.15,01/07/2009,64.44,01/07/2009,8.05,01/07/2009,10.52,01/07/2009,330.1,01/07/2009,83.95217391,01/07/2009,5228.413043,01/07/2009,358332,01/08/2009,377369
01/08/2009,13.71,01/08/2009,71.05,01/08/2009,72.51,01/08/2009,8.48,01/08/2009,13.5473,01/08/2009,326.4,01/08/2009,97.66666667,01/08/2009,6176.875,01/08/2009,377369,01/09/2009,389504
01/09/2009,,01/09/2009,69.41,01/09/2009,67.65,01/09/2009,8.55,01/09/2009,3.801883,01/09/2009,331.7,01/09/2009,80.71363636,01/09/2009,6195.75,01/09/2009,389504,01/10/2009,389108
01/10/2009,,01/10/2009,75.72,01/10/2009,72.77,01/10/2009,8.75,01/10/2009,8.871679,01/10/2009,348.1,01/10/2009,86.78636364,01/10/2009,6305.988636,01/10/2009,389108,01/11/2009,372369
01/11/2009,13.6,01/11/2009,77.99,01/11/2009,76.66,01/11/2009,8.56,01/11/2009,9.40316,01/11/2009,364.3,01/11/2009,99.25714286,01/11/2009,6682.440476,01/11/2009,372369,01/12/2009,385999
01/12/2009,,01/12/2009,74.47,01/12/2009,74.46,01/12/2009,9.16,01/12/2009,7.99572,01/12/2009,392.3,01/12/2009,105.2478261,01/12/2009,6976.97619,01/12/2009,385999,01/01/2010,359013
01/01/2010,,01/01/2010,78.33,01/01/2010,76.17,01/01/2010,9.34,01/01/2010,6.777023,01/01/2010,394.8,01/01/2010,125.9142857,01/01/2010,7367.375,01/01/2010,359013,01/02/2010,362439
01/02/2010,14.26,01/02/2010,76.39,01/02/2010,73.75,01/02/2010,9.01,01/02/2010,0.9498005,01/02/2010,390.1,01/02/2010,127.615,01/02/2010,6867.675,01/02/2010,362439,01/03/2010,424203
01/03/2010,,01/03/2010,81.2,01/03/2010,78.83,01/03/2010,9.17,01/03/2010,0.70695,01/03/2010,382.4,01/03/2010,139.7695652,01/03/2010,7466.934783,01/03/2010,424203,01/04/2010,408902
01/04/2010,,01/04/2010,84.29,01/04/2010,84.82,01/04/2010,9.34,01/04/2010,-1.980069,01/04/2010,388.5,01/04/2010,172.4681818,01/04/2010,7729.8375,01/04/2010,408902,01/05/2010,408799
01/05/2010,13.84,01/05/2010,73.74,01/05/2010,75.95,01/05/2010,10.04,01/05/2010,-1.91389,01/05/2010,400.6,01/05/2010,161.347619,01/05/2010,6843.157895,01/05/2010,408799,01/06/2010,428819
01/06/2010,,01/06/2010,75.34,01/06/2010,74.76,01/06/2010,9.28,01/06/2010,-3.643324,01/06/2010,420.5,01/06/2010,143.6318182,01/06/2010,6501.5,01/06/2010,428819,01/07/2010,398302
01/07/2010,,01/07/2010,76.32,01/07/2010,75.58,01/07/2010,9.09,01/07/2010,-1.240952,01/07/2010,430.1,01/07/2010,126.3636364,01/07/2010,6750.568182,01/07/2010,398302,01/08/2010,424860
01/08/2010,13.59,01/08/2010,76.6,01/08/2010,77.04,01/08/2010,8.85,01/08/2010,1.710927,01/08/2010,415.8,01/08/2010,145.3409091,01/08/2010,7302.666667,01/08/2010,424860,01/09/2010,431329
01/09/2010,,01/09/2010,75.24,01/09/2010,77.84,01/09/2010,8.98,01/09/2010,4.892579,01/09/2010,424.5,01/09/2010,140.6272727,01/09/2010,7729.590909,01/09/2010,431329,01/10/2010,425072
01/10/2010,,01/10/2010,81.89,01/10/2010,82.67,01/10/2010,9.52,01/10/2010,7.178693,01/10/2010,444.4,01/10/2010,148.4809524,01/10/2010,8289.761905,01/10/2010,425072,01/11/2010,412464
01/11/2010,13.44,01/11/2010,84.25,01/11/2010,85.28,01/11/2010,10,01/11/2010,7.853287,01/11/2010,468.9,01/11/2010,160.55,01/11/2010,8458.420455,01/11/2010,412464,01/12/2010,427075
01/12/2010,,01/12/2010,89.15,01/12/2010,91.45,01/12/2010,9.95,01/12/2010,11.71317,01/12/2010,478.3,01/12/2010,168.526087,01/12/2010,9152.857143,01/12/2010,427075,01/01/2011,403211
01/01/2011,,01/01/2011,89.17,01/01/2011,96.52,01/01/2011,10.81,01/01/2011,10.09954,01/01/2011,485.5,01/01/2011,179.63,01/01/2011,9533.2,01/01/2011,403211,01/02/2011,407684
01/02/2011,13.44,01/02/2011,88.58,01/02/2011,103.72,01/02/2011,11.89,01/02/2011,10.66051,01/02/2011,473.5,01/02/2011,187.18,01/02/2011,9880.9375,01/02/2011,407684,01/03/2011,485327
01/03/2011,,01/03/2011,102.86,01/03/2011,114.64,01/03/2011,12.18,01/03/2011,11.62347,01/03/2011,479.4,01/03/2011,169.3565217,01/03/2011,9503.358696,01/03/2011,485327,01/04/2011,456422
01/04/2011,,01/04/2011,109.53,01/04/2011,123.26,01/04/2011,14.41,01/04/2011,14.43578,01/04/2011,497,01/04/2011,179.2611111,01/04/2011,9482.75,01/04/2011,456422,01/05/2011,466496
01/05/2011,12.89,01/05/2011,100.9,01/05/2011,114.99,01/05/2011,15.75,01/05/2011,15.08739,01/05/2011,516.2,01/05/2011,177.095,01/05/2011,8931.675,01/05/2011,466496,01/06/2011,484994
01/06/2011,,01/06/2011,96.26,01/06/2011,113.83,01/06/2011,16.29,01/06/2011,6.967238,01/06/2011,527.3,01/06/2011,170.8772727,01/06/2011,9066.852273,01/06/2011,484994,01/07/2011,445432
01/07/2011,,01/07/2011,97.3,01/07/2011,116.97,01/07/2011,16.29,01/07/2011,3.319705,01/07/2011,532.2,01/07/2011,172.9761905,01/07/2011,9650.464286,01/07/2011,445432,01/08/2011,484300
01/08/2011,12.28,01/08/2011,86.33,01/08/2011,110.22,01/08/2011,17.7,01/08/2011,1.73962,01/08/2011,551.2,01/08/2011,177.45,01/08/2011,8997.988636,01/08/2011,484300,01/09/2011,478009
01/09/2011,,01/09/2011,85.52,01/09/2011,112.83,01/09/2011,17.78,01/09/2011,4.976144,01/09/2011,614.4,01/09/2011,177.2272727,01/09/2011,8300.136364,01/09/2011,478009,01/10/2011,469514
01/10/2011,,01/10/2011,86.32,01/10/2011,109.55,01/10/2011,17.6,01/10/2011,2.467304,01/10/2011,613.1,01/10/2011,150.4333333,01/10/2011,7394.190476,01/10/2011,469514,01/11/2011,453233
01/11/2011,12.36,01/11/2011,97.16,01/11/2011,110.77,01/11/2011,17.89,01/11/2011,1.90363,01/11/2011,581.8,01/11/2011,135.5409091,01/11/2011,7581.022727,01/11/2011,453233,01/12/2011,457272
01/12/2011,,01/12/2011,98.56,01/12/2011,107.87,01/12/2011,18.05,01/12/2011,-1.611101,01/12/2011,607.7,01/12/2011,136.455,01/12/2011,7558.875,01/12/2011,457272,01/01/2012,435284
01/01/2012,,01/01/2012,100.27,01/01/2012,110.69,01/01/2012,17.46,01/01/2012,0.2137257,01/01/2012,573.2,01/01/2012,140.347619,01/01/2012,8061.916667,01/01/2012,435284,01/02/2012,454151
01/02/2012,12.34,01/02/2012,102.2,01/02/2012,119.33,01/02/2012,16.71,01/02/2012,1.037493,01/02/2012,580.5,01/02/2012,140.3952381,01/02/2012,8441.488095,01/02/2012,454151,01/03/2012,502968
01/03/2012,,01/03/2012,106.16,01/03/2012,125.45,01/03/2012,18.42,01/03/2012,3.860648,01/03/2012,607.2,01/03/2012,144.6636364,01/03/2012,8470.784091,01/03/2012,502968,01/04/2012,472688
01/04/2012,,01/04/2012,103.32,01/04/2012,119.75,01/04/2012,19.57,01/04/2012,3.27921,01/04/2012,583.7,01/04/2012,147.6473684,01/04/2012,8285.526316,01/04/2012,472688,01/05/2012,492665
01/05/2012,12.06,01/05/2012,94.66,01/05/2012,110.34,01/05/2012,18.33,01/05/2012,-2.68716,01/05/2012,575.8,01/05/2012,136.2727273,01/05/2012,7896.909091,01/05/2012,492665,01/06/2012,487714
01/06/2012,,01/06/2012,82.3,01/06/2012,95.16,01/06/2012,19.38,01/06/2012,-6.48829,01/06/2012,554.4,01/06/2012,134.6210526,01/06/2012,7428.289474,01/06/2012,487714,01/07/2012,453282
01/07/2012,,01/07/2012,87.9,01/07/2012,102.62,01/07/2012,19.1,01/07/2012,-8.565326,01/07/2012,557.7,01/07/2012,127.9363636,01/07/2012,7584.261364,01/07/2012,453282,01/08/2012,493640
01/08/2012,11.95,01/08/2012,94.13,01/08/2012,113.36,01/08/2012,18.39,01/08/2012,1.396595,01/08/2012,556,01/08/2012,107.7954545,01/08/2012,7510.431818,01/08/2012,493640,01/09/2012,482320
01/09/2012,,01/09/2012,94.51,01/09/2012,112.86,01/09/2012,18.76,01/09/2012,9.652474,01/09/2012,569.3,01/09/2012,99.47,01/09/2012,8087.7425,01/09/2012,482320,01/10/2012,491603
01/10/2012,,01/10/2012,89.49,01/10/2012,111.71,01/10/2012,17.27,01/10/2012,13.99054,01/10/2012,610.2,01/10/2012,113.9478261,01/10/2012,8062.032609,01/10/2012,491603,01/11/2012,467096
01/11/2012,11.88,01/11/2012,86.53,01/11/2012,109.06,01/11/2012,16.83,01/11/2012,3.479968,01/11/2012,608.7,01/11/2012,120.3454545,01/11/2012,7711.227273,01/11/2012,467096,01/12/2012,463317
01/12/2012,,01/12/2012,87.86,01/12/2012,109.49,01/12/2012,17.52,01/12/2012,-2.921193,01/12/2012,599.4,01/12/2012,128.8736842,01/12/2012,7966.486842,01/12/2012,463317,01/01/2013,447948
01/01/2013,,01/01/2013,94.76,01/01/2013,112.96,01/01/2013,17.79,01/01/2013,-4.224481,01/01/2013,588.1,01/01/2013,150.4909091,01/01/2013,8053.738636,01/01/2013,447948,01/02/2013,453770
01/02/2013,11.94,01/02/2013,95.31,01/02/2013,116.05,01/02/2013,17.72,01/02/2013,4.68803,01/02/2013,582.8,01/02/2013,154.6388889,01/02/2013,8060.925,01/02/2013,453770,01/03/2013,501722
01/03/2013,,01/03/2013,92.94,01/03/2013,108.47,01/03/2013,18.31,01/03/2013,0.9293704,01/03/2013,567.9,01/03/2013,139.87,01/03/2013,7652.375,01/03/2013,501722,01/04/2013,481945
01/04/2013,,01/04/2013,92.02,01/04/2013,102.25,01/04/2013,17.71,01/04/2013,-3.243162,01/04/2013,555.7,01/04/2013,137.3909091,01/04/2013,7221.161905,01/04/2013,481945,01/05/2013,502208
01/05/2013,11.95,01/05/2013,94.51,01/05/2013,102.56,01/05/2013,16.94,01/05/2013,-8.631469,01/05/2013,520.2,01/05/2013,124.0095238,01/05/2013,7248.714286,01/05/2013,502208,01/06/2013,497211
01/06/2013,,01/06/2013,95.77,01/06/2013,102.92,01/06/2013,17.69,01/06/2013,-1.884106,01/06/2013,494.5,01/06/2013,114.815,01/06/2013,7000.2375,01/06/2013,497211,01/07/2013,473078
01/07/2013,,01/07/2013,104.67,01/07/2013,107.93,01/07/2013,16.98,01/07/2013,2.211675,01/07/2013,467.6,01/07/2013,127.1913043,01/07/2013,6906.641304,01/07/2013,473078,01/08/2013,502793
01/08/2013,11.88,01/08/2013,106.57,01/08/2013,111.28,01/08/2013,17,01/08/2013,3.65248,01/08/2013,450.7,01/08/2013,137.055,01/08/2013,7186.25,01/08/2013,502793,01/09/2013,497700
01/09/2013,,01/09/2013,106.29,01/09/2013,111.6,01/09/2013,17.01,01/09/2013,0.8754116,01/09/2013,472,01/09/2013,134.1857143,01/09/2013,7159.269048,01/09/2013,497700,01/10/2013,502769
01/10/2013,,01/10/2013,100.54,01/10/2013,109.08,01/10/2013,16.49,01/10/2013,-0.4722807,01/10/2013,469.8,01/10/2013,132.5727273,01/10/2013,7203.021739,01/10/2013,502769,01/11/2013,475613
01/11/2013,11.85,01/11/2013,93.86,01/11/2013,107.79,01/11/2013,16.71,01/11/2013,-0.6961103,01/11/2013,459.7,01/11/2013,136.3238095,01/11/2013,7070.654762,01/11/2013,475613,01/12/2013,477370
01/12/2013,,01/12/2013,97.63,01/12/2013,110.76,01/12/2013,17.72,01/12/2013,2.444068,01/12/2013,446,01/12/2013,135.7904762,01/12/2013,7214.9,01/12/2013,477370,01/01/2014,452212
01/01/2014,,01/01/2014,94.62,01/01/2014,108.12,01/01/2014,17.76,01/01/2014,5.338023,01/01/2014,427.1,01/01/2014,128.1190476,01/01/2014,7291.465909,01/01/2014,452212,01/02/2014,457808
01/02/2014,11.83,01/02/2014,100.82,01/02/2014,108.9,01/02/2014,17.96,01/02/2014,4.52162,01/02/2014,435.4,01/02/2014,121.37,01/02/2014,7149.2125,01/02/2014,457808,01/03/2014,513946
01/03/2014,,01/03/2014,100.8,01/03/2014,107.48,01/03/2014,17.81,01/03/2014,3.082863,01/03/2014,455.1,01/03/2014,111.8333333,01/03/2014,6650.035714,01/03/2014,513946,01/04/2014,496788
01/04/2014,,01/04/2014,102.07,01/04/2014,107.76,01/04/2014,17.67,01/04/2014,1.361703,01/04/2014,466.1,01/04/2014,114.5809524,01/04/2014,6673.5625,01/04/2014,496788,01/05/2014,506820
01/05/2014,11.83,01/05/2014,102.18,01/05/2014,109.54,01/05/2014,17.68,01/05/2014,2.129027,01/05/2014,453.5,01/05/2014,100.56,01/05/2014,6891.125,01/05/2014,506820,01/06/2014,517141
01/06/2014,,01/06/2014,105.79,01/06/2014,111.8,01/06/2014,17.51,01/06/2014,1.462474,01/06/2014,435.9,01/06/2014,92.85238095,01/06/2014,6821.142857,01/06/2014,517141,01/07/2014,488066
01/07/2014,,01/07/2014,103.59,01/07/2014,106.77,01/07/2014,17.43,01/07/2014,0.7997977,01/07/2014,461.6,01/07/2014,96.26086957,01/07/2014,7113.380435,01/07/2014,488066,01/08/2014,506609
01/08/2014,11.82,01/08/2014,96.54,01/08/2014,101.61,01/08/2014,16.23,01/08/2014,-1.449287,01/08/2014,453.9,01/08/2014,94.14285714,01/08/2014,7001.8375,01/08/2014,506609,01/09/2014,513098
01/09/2014,,01/09/2014,93.21,01/09/2014,97.09,01/09/2014,15.7,01/09/2014,-3.070419,01/09/2014,442.8,01/09/2014,84.52272727,01/09/2014,6872.215909,01/09/2014,513098,01/10/2014,505475
01/10/2014,,01/10/2014,84.4,01/10/2014,87.43,01/10/2014,15.23,01/10/2014,-5.04769,01/10/2014,423.5,01/10/2014,81.30434783,01/10/2014,6737.478261,01/10/2014,505475,01/11/2014,458398
01/11/2014,11.99,01/11/2014,75.79,01/11/2014,79.44,01/11/2014,16.41,01/11/2014,-7.957204,01/11/2014,404,01/11/2014,74.425,01/11/2014,6712.85,01/11/2014,458398,01/12/2014,472646
01/12/2014,,01/12/2014,59.29,01/12/2014,62.34,01/12/2014,16.58,01/12/2014,-11.51364,01/12/2014,419.4,01/12/2014,68.67391304,01/12/2014,6446.452381,01/12/2014,472646,01/01/2015,424104
01/01/2015,,01/01/2015,47.22,01/01/2015,47.76,01/01/2015,15.5,01/01/2015,-18.64228,01/01/2015,423.4,01/01/2015,69.06818182,01/01/2015,5830.535714,01/01/2015,424104,01/02/2015,431113
01/02/2015,11.98,01/02/2015,50.58,01/02/2015,58.1,01/02/2015,14.69,01/02/2015,-13.15368,01/02/2015,440.8,01/02/2015,63.8,01/02/2015,5729.275,01/02/2015,431113,01/03/2015,493365
01/03/2015,,01/03/2015,47.82,01/03/2015,55.89,01/03/2015,13.05,01/03/2015,-6.849162,01/03/2015,419.7,01/03/2015,58.18181818,01/03/2015,5939.670455,01/03/2015,493365,01/04/2015,469899
01/04/2015,,01/04/2015,54.45,01/04/2015,59.52,01/04/2015,11.02,01/04/2015,2.202512,01/04/2015,422.3,01/04/2015,52.11363636,01/04/2015,6042.0875,01/04/2015,469899,01/05/2015,469475
01/05/2015,12.04,01/05/2015,59.27,01/05/2015,64.08,01/05/2015,9.04,01/05/2015,3.121675,01/05/2015,416.5,01/05/2015,60.42857143,01/05/2015,6294.776316,01/05/2015,469475,01/06/2015,496586
01/06/2015,,01/06/2015,59.82,01/06/2015,61.48,01/06/2015,8.79,01/06/2015,3.436001,01/06/2015,414.4,01/06/2015,61.84090909,01/06/2015,5833.011364,01/06/2015,496586,01/07/2015,454788
01/07/2015,,01/07/2015,50.9,01/07/2015,56.56,01/07/2015,9.32,01/07/2015,5.339011,01/07/2015,408.9,01/07/2015,52.17391304,01/07/2015,5456.75,01/07/2015,454788,01/08/2015,470575
01/08/2015,12.1,01/08/2015,42.87,01/08/2015,46.52,01/08/2015,10.16,01/08/2015,0.727077,01/08/2015,381.6,01/08/2015,57.33333333,01/08/2015,5127.3,01/08/2015,470575,01/09/2015,478931
01/09/2015,,01/09/2015,45.48,01/09/2015,47.62,01/09/2015,10.01,01/09/2015,-7.146445,01/09/2015,395.5,01/09/2015,56.97727273,01/09/2015,5217.25,01/09/2015,478931,01/10/2015,466724
01/10/2015,,01/10/2015,46.22,01/10/2015,48.43,01/10/2015,10.37,01/10/2015,-8.790005,01/10/2015,400.3,01/10/2015,53.65909091,01/10/2015,5216.090909,01/10/2015,466724,01/11/2015,437157
01/11/2015,12.22,01/11/2015,42.44,01/11/2015,44.27,01/11/2015,9.4,01/11/2015,-7.807778,01/11/2015,389.5,01/11/2015,47.19047619,01/11/2015,4799.904762,01/11/2015,437157,01/12/2015,440316
01/12/2015,,01/12/2015,37.19,01/12/2015,38.01,01/12/2015,10.15,01/12/2015,-4.869865,01/12/2015,372.3,01/12/2015,40.8826087,01/12/2015,4638.833333,01/12/2015,440316,01/01/2016,399750
01/01/2016,,01/01/2016,31.68,01/01/2016,30.7,01/01/2016,8.46,01/01/2016,-6.289521,01/01/2016,381.9,01/01/2016,42.2047619,01/01/2016,4471.7875,01/01/2016,399750,01/02/2016,425230
01/02/2016,12.31,01/02/2016,30.32,01/02/2016,32.18,01/02/2016,7.99,01/02/2016,-9.641939,01/02/2016,398.7,01/02/2016,46.48571429,01/02/2016,4598.619048,01/02/2016,425230,01/03/2016,473035
01/03/2016,,01/03/2016,37.55,01/03/2016,38.21,01/03/2016,8.01,01/03/2016,-4.566855,01/03/2016,436.1,01/03/2016,56.53913043,01/03/2016,4953.797619,01/03/2016,473035,01/04/2016,441341
01/04/2016,,01/04/2016,40.75,01/04/2016,41.58,01/04/2016,6.68,01/04/2016,0.8301226,01/04/2016,430.7,01/04/2016,60.96666667,01/04/2016,4872.738095,01/04/2016,441341,01/05/2016,452785
01/05/2016,12.16,01/05/2016,46.71,01/05/2016,46.74,01/05/2016,6.81,01/05/2016,6.369704,01/05/2016,450.2,01/05/2016,55.88636364,01/05/2016,4694.5375,01/05/2016,452785,01/06/2016,475935
01/06/2016,,01/06/2016,48.76,01/06/2016,48.25,01/06/2016,7.08,01/06/2016,6.015072,01/06/2016,426.8,01/06/2016,52.34090909,01/06/2016,4641.965909,01/06/2016,475935,01/07/2016,422080
01/07/2016,,01/07/2016,44.65,01/07/2016,44.95,01/07/2016,6.85,01/07/2016,0.0918687,01/07/2016,474.2,01/07/2016,57.30952381,01/07/2016,4864.904762,01/07/2016,422080,01/08/2016,465534
01/08/2016,12.51,01/08/2016,44.72,01/08/2016,45.84,01/08/2016,7.42,01/08/2016,-1.321383,01/08/2016,473.8,01/08/2016,60.86956522,01/08/2016,4751.670455,01/08/2016,465534,01/09/2016,468036
01/09/2016,,01/09/2016,45.18,01/09/2016,46.57,01/09/2016,7.79,01/09/2016,-1.041334,01/09/2016,468.4,01/09/2016,57.65909091,01/09/2016,4722.204545,01/09/2016,468036,01/10/2016,452756
01/10/2016,,01/10/2016,49.78,01/10/2016,49.52,01/10/2016,7.93,01/10/2016,4.212041,01/10/2016,446.4,01/10/2016,58.95238095,01/10/2016,4731.261905,01/10/2016,452756,01/11/2016,437278
01/11/2016,12.41,01/11/2016,45.66,01/11/2016,44.73,01/11/2016,7.16,01/11/2016,3.780253,01/11/2016,452.1,01/11/2016,74.13636364,01/11/2016,5450.931818,01/11/2016,437278,01/12/2016,449836
01/12/2016,,01/12/2016,51.97,01/12/2016,53.31,01/12/2016,7.09,01/12/2016,2.881799,01/12/2016,409,01/12/2016,79.43181818,01/12/2016,5660.35,01/12/2016,449836,01/01/2017,418575
01/01/2017,,01/01/2017,52.5,01/01/2017,54.58,01/01/2017,9.174090909,01/01/2017,3.883701,01/01/2017,407.8,01/01/2017,80.81818182,01/01/2017,5754.559524,01/01/2017,418575,01/02/2017,424608
01/02/2017,12.54,01/02/2017,53.47,01/02/2017,54.87,01/02/2017,7.128,01/02/2017,4.547495,01/02/2017,422.6,01/02/2017,88.95,01/02/2017,5940.9125,01/02/2017,424608,01/03/2017,488027
01/03/2017,,01/03/2017,49.33,01/03/2017,51.59,01/03/2017,5.794782609,01/03/2017,2.386538,01/03/2017,434.5,01/03/2017,87.19565217,01/03/2017,5824.630435,01/03/2017,488027,01/04/2017,445560
01/04/2017,,01/04/2017,51.06,01/04/2017,52.31,01/04/2017,5.7095,01/04/2017,0.0897374,01/04/2017,438.2,01/04/2017,70.4,01/04/2017,5683.902778,01/04/2017,445560,01/05/2017,473800
01/05/2017,12.77,01/05/2017,48.48,01/05/2017,50.33,01/05/2017,5.7190625,01/05/2017,-2.468143,01/05/2017,435.4,01/05/2017,61.63043478,01/05/2017,5599.559524,01/05/2017,473800,01/06/2017,486419
01/06/2017,,01/06/2017,45.18,01/06/2017,46.37,01/06/2017,5.523636364,01/06/2017,-2.847719,01/06/2017,447.6,01/06/2017,57.86363636,01/06/2017,5719.761364,01/06/2017,486419,01/07/2017,435104
01/07/2017,,01/07/2017,46.63,01/07/2017,48.48,01/07/2017,5.631904762,01/07/2017,-5.41043,01/07/2017,427.4,01/07/2017,66.73809524,01/07/2017,5985.119048,01/07/2017,435104,01/08/2017,483215
01/08/2017,13.08,01/08/2017,48.04,01/08/2017,51.7,01/08/2017,6.130869565,01/08/2017,0.457902,01/08/2017,442.8,01/08/2017,74.58695652,01/08/2017,6485.625,01/08/2017,483215,01/09/2017,479944
01/09/2017,,01/09/2017,49.82,01/09/2017,56.15,01/09/2017,7.084285714,01/09/2017,7.604067,01/09/2017,468.5,01/09/2017,69.23809524,01/09/2017,6577.166667,01/09/2017,479944,01/10/2017,479590
01/10/2017,,01/10/2017,51.58,01/10/2017,57.51,01/10/2017,8.792727273,01/10/2017,8.386921,01/10/2017,444.6,01/10/2017,61.04545455,01/10/2017,6807.602273,01/10/2017,479590,01/11/2017,468459
01/11/2017,13.16,01/11/2017,56.64,01/11/2017,62.71,01/11/2017,9.571428571,01/11/2017,7.086938,01/11/2017,445.4,01/11/2017,63.40909091,01/11/2017,6826.545455,01/11/2017,468459,01/12/2017,465494
01/12/2017,,01/12/2017,57.88,01/12/2017,64.37,01/12/2017,10.70904762,01/12/2017,1.628246,01/12/2017,441.5,01/12/2017,71.73809524,01/12/2017,6833.894737,01/12/2017,465494,01/01/2018,447976
01/01/2018,,01/01/2018,63.7,01/01/2018,69.08,01/01/2018,11.66956522,01/01/2018,5.352624,01/01/2018,460.3,01/01/2018,75.7826087,01/01/2018,7065.852273,01/01/2018,447976,01/02/2018,448510
01/02/2018,13.63,01/02/2018,62.23,01/02/2018,65.32,01/02/2018,10.471,01/02/2018,4.908711,01/02/2018,463,01/02/2018,77.65,01/02/2018,7006.525,01/02/2018,448510,01/03/2018,511220
01/03/2018,,01/03/2018,62.73,01/03/2018,66.02,01/03/2018,8.460909091,01/03/2018,2.329082,01/03/2018,463.3,01/03/2018,71.31818182,01/03/2018,6799.178571,01/03/2018,511220,01/04/2018,481409
01/04/2018,,01/04/2018,66.25,01/04/2018,72.11,01/04/2018,7.475238095,01/04/2018,1.463685,01/04/2018,466.1,01/04/2018,66.33333333,01/04/2018,6851.5125,01/04/2018,481409,01/05/2018,508391
01/05/2018,14.14,01/05/2018,69.98,01/05/2018,76.98,01/05/2018,8.612608696,01/05/2018,1.062088,01/05/2018,458,01/05/2018,66.63043478,01/05/2018,6825.27381,01/05/2018,508391,01/06/2018,519150
01/06/2018,,01/06/2018,67.87,01/06/2018,74.41,01/06/2018,10.43761905,01/06/2018,2.120604,01/06/2018,453.5,01/06/2018,66.85714286,01/06/2018,6965.857143,01/06/2018,519150,01/07/2018,475285
01/07/2018,,01/07/2018,70.98,01/07/2018,74.25,01/07/2018,9.972272727,01/07/2018,-0.2035668,01/07/2018,438.1,01/07/2018,67.04545455,01/07/2018,6250.75,01/07/2018,475285,01/08/2018,519089
01/08/2018,14.38,01/08/2018,68.06,01/08/2018,72.53,01/08/2018,10.59043478,01/08/2018,-0.4008352,01/08/2018,426.3,01/08/2018,68.02173913,01/08/2018,6051.045455,01/08/2018,519089,01/09/2018,506101
01/09/2018,,01/09/2018,70.23,01/09/2018,78.89,01/09/2018,11.0905,01/09/2018,1.293967,01/09/2018,419.2,01/09/2018,68.8,01/09/2018,6050.7625,01/09/2018,506101,01/10/2018,515435
01/10/2018,,01/10/2018,70.75,01/10/2018,81.03,01/10/2018,10.03565217,01/10/2018,3.735127,01/10/2018,420,01/10/2018,72.02173913,01/10/2018,6219.586957,01/10/2018,515435,01/11/2018,482653
01/11/2018,14.73,01/11/2018,56.96,01/11/2018,64.75,01/11/2018,9.777272727,01/11/2018,-1.040093,01/11/2018,428.4,01/11/2018,72.29545455,01/11/2018,6195.920455,01/11/2018,482653,01/12/2018,475445
01/12/2018,,01/12/2018,49.52,01/12/2018,57.36,01/12/2018,8.951904762,01/12/2018,-3.310724,01/12/2018,433.9,01/12/2018,68.9047619,01/12/2018,6075.315789,01/12/2018,475445,01/01/2019,454219
01/01/2019,,01/01/2019,51.38,01/01/2019,59.41,01/01/2019,8.285652174,01/01/2019,-8.281379,01/01/2019,449,01/01/2019,75.2,01/01/2019,5939.102273,01/01/2019,454219,01/02/2019,454389
01/02/2019,15.09,01/02/2019,54.95,01/02/2019,63.96,01/02/2019,6.501,01/02/2019,-2.855481,01/02/2019,460,01/02/2019,87.59,01/02/2019,6300.4875,01/02/2019,454389,01/03/2019,506785
01/03/2019,,01/03/2019,58.15,01/03/2019,66.14,01/03/2019,5.245238095,01/03/2019,2.04477,01/03/2019,451.8,01/03/2019,87.07142857,01/03/2019,6439.464286,01/03/2019,506785,01/04/2019,486692
01/04/2019,,01/04/2019,63.86,01/04/2019,71.23,01/04/2019,5.079761905,01/04/2019,8.897279,01/04/2019,451.9,01/04/2019,94.5,01/04/2019,6438.3625,01/04/2019,486692,01/05/2019,501080
01/05/2019,15.13,01/05/2019,60.83,01/05/2019,71.32,01/05/2019,5.03326087,01/05/2019,5.124761,01/05/2019,448.3,01/05/2019,101.7608696,01/05/2019,6017.904762,01/05/2019,501080,01/06/2019,498143
01/06/2019,,01/06/2019,54.66,01/06/2019,64.22,01/06/2019,4.38925,01/06/2019,-1.648197,01/06/2019,465.8,01/06/2019,109.55,01/06/2019,5882.225,01/06/2019,498143,01/07/2019,466412
01/07/2019,,01/07/2019,57.35,01/07/2019,63.92,01/07/2019,4.419347826,01/07/2019,-3.765132,01/07/2019,489.4,01/07/2019,119.5869565,01/07/2019,5941.195652,01/07/2019,466412,01/08/2019,492064
01/08/2019,15.1,01/08/2019,54.81,01/08/2019,59.04,01/08/2019,4.280227273,01/08/2019,-4.265214,01/08/2019,519.6,01/08/2019,93.5,01/08/2019,5709.440476,01/08/2019,492064,01/09/2019,483013
01/09/2019,,01/09/2019,56.95,01/09/2019,62.83,01/09/2019,5.05452381,01/09/2019,-0.9443072,01/09/2019,536.2,01/09/2019,92.26190476,01/09/2019,5759.25,01/09/2019,483013,01/10/2019,485021
01/10/2019,,01/10/2019,53.96,01/10/2019,59.71,01/10/2019,6.017391304,01/10/2019,-0.5660782,01/10/2019,523.3,01/10/2019,88.58695652,01/10/2019,5757.297826,01/10/2019,485021,01/11/2019,450968
01/11/2019,14.87,01/11/2019,57.03,01/11/2019,63.21,01/11/2019,5.456428571,01/11/2019,2.972389,01/11/2019,521.1,01/11/2019,82.9047619,01/11/2019,5859.952381,01/11/2019,450968,01/12/2019,455671
01/12/2019,,01/12/2019,59.88,01/12/2019,67.31,01/12/2019,5.573409091,01/12/2019,5.005651,01/12/2019,516,01/12/2019,90.97727273,01/12/2019,6077.0625,01/12/2019,455671,01/01/2020,429307
01/01/2020,,01/01/2020,57.52,01/01/2020,63.65,01/01/2020,4.913695652,01/01/2020,2.855228,01/01/2020,536.4,01/01/2020,95.2173913,01/01/2020,6031.209091,01/01/2020,429307,01/02/2020,434544
01/02/2020,15.09,01/02/2020,50.54,01/02/2020,55.66,01/02/2020,2.92025,01/02/2020,0.895713,01/02/2020,549.3,01/02/2020,87.625,01/02/2020,5687.75,01/02/2020,434544,01/03/2020,452735
01/03/2020,,01/03/2020,29.21,01/03/2020,32.01,01/03/2020,3.278863636,01/03/2020,-7.52539,01/03/2020,575.2,01/03/2020,88.65909091,01/03/2020,5182.631818,01/03/2020,452735,01/04/2020,367832
01/04/2020,,01/04/2020,16.55,01/04/2020,18.38,01/04/2020,2.126363636,01/04/2020,-16.31158,01/04/2020,564.1,01/04/2020,83.75,01/04/2020,5057.972,01/04/2020,367832,01/05/2020,377951
01/05/2020,14.52,01/05/2020,28.56,01/05/2020,29.38,01/05/2020,2.032142857,01/05/2020,-17.84458,01/05/2020,596.5,01/05/2020,91.33333333,01/05/2020,5239.826316,01/05/2020,377951,01/06/2020,440807
01/06/2020,,01/06/2020,38.31,01/06/2020,40.27,01/06/2020,2.050454545,01/06/2020,-8.020792,01/06/2020,600,01/06/2020,103.3409091,01/06/2020,5754.595455,01/06/2020,440807,01/07/2020,425761
01/07/2020,,01/07/2020,40.71,01/07/2020,43.24,01/07/2020,2.286956522,01/07/2020,5.406523,01/07/2020,621.8,01/07/2020,108.0217391,01/07/2020,6372.46087,01/07/2020,425761,01/08/2020,449011
01/08/2020,14.58,01/08/2020,42.34,01/08/2020,44.74,01/08/2020,3.625714286,01/08/2020,11.30892,01/08/2020,706.2,01/08/2020,120.0714286,01/08/2020,6508.392857,01/08/2020,449011,01/09/2020,460208
01/09/2020,,01/09/2020,39.63,01/09/2020,40.91,01/09/2020,4.609772727,01/09/2020,10.21272,01/09/2020,684,01/09/2020,123,01/09/2020,6704.9,01/09/2020,460208,01/10/2020,462221
01/10/2020,,01/10/2020,39.4,01/10/2020,40.19,01/10/2020,6.121818182,01/10/2020,7.96421,01/10/2020,667.1,01/10/2020,119.25,01/10/2020,6713.811364,01/10/2020,462221,01/11/2020,439601
01/11/2020,14.65,01/11/2020,40.94,01/11/2020,42.69,01/11/2020,6.822142857,01/11/2020,5.474025,01/11/2020,671.2,01/11/2020,123.5238095,01/11/2020,7068.907143,01/11/2020,439601,01/12/2020,463885
01/12/2020,,01/12/2020,47.02,01/12/2020,49.99,01/12/2020,11.60891304,01/12/2020,7.246154,01/12/2020,636.4,01/12/2020,153.0652174,01/12/2020,7772.238095,01/12/2020,463885,01/01/2021,438050
01/01/2021,,01/01/2021,52,01/01/2021,54.77,01/01/2021,20.4152381,01/01/2021,9.391453,01/01/2021,673.2,01/01/2021,166.7380952,01/01/2021,7972.1475,01/01/2021,438050,01/02/2021,442090
01/02/2021,14.75,01/02/2021,59.04,01/02/2021,62.28,01/02/2021,7.16875,01/02/2021,12.98144,01/02/2021,639.6,01/02/2021,162.325,01/02/2021,8470.94,01/02/2021,442090,01/03/2021,512583
01/03/2021,,01/03/2021,62.33,01/03/2021,65.41,01/03/2021,6.443478261,01/03/2021,12.97393,01/03/2021,601.9,01/03/2021,166.7391304,01/03/2021,8988.247826,01/03/2021,512583,01/04/2021,488259
01/04/2021,,01/04/2021,61.72,01/04/2021,64.81,01/04/2021,7.894130435,01/04/2021,16.40313,01/04/2021,611.2,01/04/2021,178.25,01/04/2021,9324.8175,01/04/2021,488259,01/05/2021,495947
01/05/2021,14.61,01/05/2021,65.17,01/05/2021,68.53,01/05/2021,10.0145,01/05/2021,18.04126,01/05/2021,633.7,01/05/2021,202.8571429,01/05/2021,10166.285,01/05/2021,495947,01/06/2021,532273
01/06/2021,,01/06/2021,71.38,01/06/2021,73.16,01/06/2021,12.01727273,01/06/2021,22.6773,01/06/2021,663.6,01/06/2021,215.8157895,01/06/2021,9631.5,01/06/2021,532273,01/07/2021,499535
01/07/2021,,01/07/2021,72.49,01/07/2021,75.17,01/07/2021,14.09681818,01/07/2021,20.59618,01/07/2021,634.3,01/07/2021,214.3409091,01/07/2021,9450.820455,01/07/2021,499535,01/08/2021,530363
01/08/2021,14.54,01/08/2021,67.73,01/08/2021,70.75,01/08/2021,16.64386364,01/08/2021,15.88375,01/08/2021,633.5,01/08/2021,162.0909091,01/08/2021,9370.138571,01/08/2021,530363,01/09/2021,537308
01/09/2021,,01/09/2021,71.65,01/09/2021,74.49,01/09/2021,24.06295455,01/09/2021,9.021355,01/09/2021,635.7,01/09/2021,113.71875,01/09/2021,9324.709545,01/09/2021,537308,01/10/2021,539018
01/10/2021,,01/10/2021,81.48,01/10/2021,83.54,01/10/2021,35.0652381,01/10/2021,14.14903,01/10/2021,617.9,01/10/2021,114.4761905,01/10/2021,9829.219048,01/10/2021,539018,01/11/2021,526192
01/11/2021,14.51,01/11/2021,79.15,01/11/2021,81.05,01/11/2021,31.96357143,01/11/2021,21.76938,01/11/2021,627.8,01/11/2021,90.13157895,01/11/2021,9728.904545,01/11/2021,526192,01/12/2021,537987
01/12/2021,,01/12/2021,71.71,01/12/2021,74.17,01/12/2021,37.41978261,01/12/2021,25.6839,01/12/2021,626.1,01/12/2021,110.4565217,01/12/2021,9551.18,01/12/2021,537987,01/01/2022,504796
01/01/2022,,01/01/2022,83.22,01/01/2022,86.51,01/01/2022,26.82833333,01/01/2022,18.19713,01/01/2022,633.6,01/01/2022,133.0454545,01/01/2022,9782.3375,01/01/2022,504796,01/02/2022,515128
01/02/2022,14.56,01/02/2022,91.64,01/02/2022,97.13,01/02/2022,27.82325,01/02/2022,15.23824,01/02/2022,632.7,01/02/2022,139.7,01/02/2022,9943.175,01/02/2022,515128,01/03/2022,607719
01/03/2022,,01/03/2022,108.5,01/03/2022,117.25,01/03/2022,38.73586957,01/03/2022,19.3768,01/03/2022,676.1,01/03/2022,147.3478261,01/03/2022,10230.89391,01/03/2022,607719,01/04/2022,570022
01/04/2022,,01/04/2022,101.78,01/04/2022,104.58,01/04/2022,29.0147619,01/04/2022,16.07518,01/04/2022,678.5,01/04/2022,146.6666667,01/04/2022,10174.34762,01/04/2022,570022,01/05/2022,593579
01/05/2022,15.13,01/05/2022,109.55,01/05/2022,113.34,01/05/2022,21.93772727,01/05/2022,17.89858,01/05/2022,658,01/05/2022,131.0909091,01/05/2022,9395.027273,01/05/2022,593579,01/06/2022,625963
01/06/2022,,01/06/2022,114.84,01/06/2022,122.71,01/06/2022,29.53818182,01/06/2022,18.17121,01/06/2022,650,01/06/2022,131.0454545,01/06/2022,9067.551818,01/06/2022,625963,01/07/2022,560185
01/07/2022,,01/07/2022,101.62,01/07/2022,111.93,01/07/2022,41.1695,01/07/2022,12.9558,01/07/2022,616,01/07/2022,109.047619,01/07/2022,7544.809524,01/07/2022,560185,01/08/2022,607864
01/08/2022,16.27,01/08/2022,93.67,01/08/2022,100.45,01/08/2022,54.1575,01/08/2022,0.0414102,01/08/2022,621,01/08/2022,109.0652174,01/08/2022,7990.812174,01/08/2022,607864,01/09/2022,602004
01/09/2022,,01/09/2022,84.26,01/09/2022,89.76,01/09/2022,44.68227273,01/09/2022,-10.89454,01/09/2022,599.3,01/09/2022,100.8409091,01/09/2022,7746.011364,01/09/2022,602004,01/10/2022,596864
01/10/2022,,01/10/2022,87.55,01/10/2022,93.33,01/10/2022,29.742,01/10/2022,-3.921085,01/10/2022,595.5,01/10/2022,94.61904762,01/10/2022,7651.082857,01/10/2022,596864,01/11/2022,570498
01/11/2022,19.07,01/11/2022,84.37,01/11/2022,91.42,01/11/2022,25.21772727,01/11/2022,0.1823407,01/11/2022,577.9,01/11/2022,94.56818182,01/11/2022,8049.861364,01/11/2022,570498,01/12/2022,567488
01/12/2022,,01/12/2022,76.44,01/12/2022,80.92,01/12/2022,30.71714286,01/12/2022,-2.018023,01/12/2022,625.2,01/12/2022,111.4090909,01/12/2022,8371.091364,01/12/2022,567488,01/01/2023,540816
01/01/2023,,01/01/2023,78.12,01/01/2023,82.5,01/01/2023,20.68552632,01/01/2023,-2.14693,01/01/2023,647.1,01/01/2023,122.4318182,01/01/2023,9007.346364,01/01/2023,540816,01/02/2023,535019
01/02/2023,20.09,01/02/2023,76.83,01/02/2023,82.59,01/02/2023,15.9625,01/02/2023,-1.581875,01/02/2023,671.3,01/02/2023,127.075,01/02/2023,8936.587,01/02/2023,535019,01/03/2023,613157
01/03/2023,,01/03/2023,73.28,01/03/2023,78.43,01/03/2023,13.35043478,01/03/2023,-0.4514667,01/03/2023,642.4,01/03/2023,127.9782609,01/03/2023,8856.31087,01/03/2023,613157,01/04/2023,557840
01/04/2023,,01/04/2023,79.45,01/04/2023,84.64,01/04/2023,12.01105263,01/04/2023,-1.564633,01/04/2023,702.5,01/04/2023,117.125,01/04/2023,8809.1575,01/04/2023,557840,01/05/2023,588352
01/05/2023,20.84,01/05/2023,71.58,01/05/2023,75.47,01/05/2023,9.900681818,01/05/2023,-2.933789,01/05/2023,704.2,01/05/2023,104.5217391,01/05/2023,8243.156087,01/05/2023,588352,01/06/2023,609697
01/06/2023,,01/06/2023,70.25,01/06/2023,74.84,01/06/2023,10.10725,01/06/2023,-0.1963758,01/06/2023,687.8,01/06/2023,113.0909091,01/06/2023,8396.517727,01/06/2023,609697,01/07/2023,552030
01/07/2023,,01/07/2023,76.07,01/07/2023,80.11,01/07/2023,10.88119048,01/07/2023,-1.77844,01/07/2023,672.6,01/07/2023,113.9761905,01/07/2023,8476.679048,01/07/2023,552030,01/08/2023,611986
01/08/2023,21.19,01/08/2023,81.39,01/08/2023,86.15,01/08/2023,11.75295455,01/08/2023,3.799052,01/08/2023,682.8,01/08/2023,109.6086957,01/08/2023,8347.828261,01/08/2023,611986,01/09/2023,601021
01/09/2023,,01/09/2023,89.43,01/09/2023,93.72,01/09/2023,13.1515,01/09/2023,4.64892,01/09/2023,674.3,01/09/2023,120.4285714,01/09/2023,8276.71381,01/09/2023,601021,01/10/2023,591450
01/10/2023,,01/10/2023,85.64,01/10/2023,90.6,01/10/2023,15.29340909,01/10/2023,2.442583,01/10/2023,639.5,01/10/2023,118.75,01/10/2023,7941.355909,01/10/2023,591450,01/11/2023,568342
01/11/2023,21.47,01/11/2023,77.69,01/11/2023,82.94,01/11/2023,15.41380952,01/11/2023,-2.790728,01/11/2023,696.9,01/11/2023,131.25,01/11/2023,8189.587727,01/11/2023,568342,01/12/2023,561939
01/12/2023,,01/12/2023,71.9,01/12/2023,77.63,01/12/2023,13.05175,01/12/2023,-3.411662,01/12/2023,709.5,01/12/2023,137.547619,01/12/2023,8407.900476,01/12/2023,561939,01/01/2024,538557
01/01/2024,,01/01/2024,74.15,01/01/2024,80.12,01/01/2024,10.01681818,01/01/2024,-2.558062553,01/01/2024,718,01/01/2024,136.5869565,01/01/2024,8351.339565,01/01/2024,538557,01/02/2024,556503
01/02/2024,21.59,01/02/2024,77.25,01/02/2024,83.48,01/02/2024,8.82225,01/02/2024,1.43947351,01/02/2024,710.1,01/02/2024,125.9285714,01/02/2024,8304.950476,01/02/2024,556503,01/03/2024,606486
01/03/2024,,01/03/2024,81.28,01/03/2024,85.41,01/03/2024,8.99325,01/03/2024,2.180211067,01/03/2024,748.9,01/03/2024,110.1904762,01/03/2024,8692.819048,01/03/2024,606486,01/04/2024,589418
01/04/2024,,01/04/2024,85.35,01/04/2024,89.94,01/04/2024,9.794,01/04/2024,4.469153404,01/04/2024,796.9,01/04/2024,112.2272727,01/04/2024,9445.593636,01/04/2024,589418,01/05/2024,601302
01/05/2024,21.51,01/05/2024,80.02,01/05/2024,81.75,01/05/2024,10.847,01/05/2024,-0.625905573,01/05/2024,806.9,01/05/2024,119.2391304,01/05/2024,10117.16348,01/05/2024,601302,01/06/2024,608246
01/06/2024,,01/06/2024,79.77,01/06/2024,82.25,01/06/2024,12.368,01/06/2024,-4.57218647,01/06/2024,817.5,01/06/2024,108.1,01/06/2024,9648.167,01/06/2024,608246,01/07/2024,578946
